Order_ID,Order_Date,Customer_ID,Customer_Segment,Gender,Age,Region,Product_Category,Product_Name,Quantity,Unit_Price,Discount,Payment_Method,Sales,Profit
1001,2022-01-01,302,Corporate,Male,39,West,Clothing,Product B,3,4711,0.11,Net Banking,12578.37,1912.0862968443835
1002,2022-01-02,470,Home Office,Female,43,South,Furniture,Product B,3,2395,0.22,Card,5604.3,553.9627689513626
1003,2022-01-03,306,Corporate,Male,60,North,Clothing,Product A,3,1584,0.05,UPI,4514.4,528.283990430156
1004,2022-01-04,271,Corporate,Male,56,East,Furniture,Product C,5,4603,0.18,Cash,18872.300000000003,4201.179284640426
1005,2022-01-05,388,Home Office,Male,44,West,Electronics,Product B,3,4154,0.21,Cash,9844.98,1527.0541983271214
1006,2022-01-06,220,Corporate,Male,46,West,Furniture,Product B,4,3099,0.1,Card,11156.4,1736.7215240061219
1007,2022-01-07,302,Corporate,Female,64,West,Clothing,Product C,4,260,0.21,Card,821.6,199.06833287126202
1008,2022-01-08,321,Corporate,Male,55,South,Clothing,Product C,5,4147,0.27,UPI,15136.55,1728.2349681176208
1009,2022-01-09,414,Corporate,Male,37,East,Clothing,Product A,2,2490,0.14,Cash,4282.8,624.895746120991
1010,2022-01-10,287,Home Office,Male,44,South,Clothing,Product B,1,672,0.11,Net Banking,598.08,126.99793370497528
1011,2022-01-11,299,Corporate,Male,58,East,Electronics,Product B,2,1158,0.08,Net Banking,2130.7200000000003,429.9419013897145
1012,2022-01-12,351,Corporate,Male,37,North,Furniture,Product A,2,732,0.18,Card,1200.48,123.84137800738658
1013,2022-01-13,330,Home Office,Male,61,South,Electronics,Product C,2,693,0.26,Net Banking,1025.64,82.27500441319759
1014,2022-01-14,349,Consumer,Male,36,South,Electronics,Product A,2,281,0.1,UPI,505.8,96.17327492711419
1015,2022-01-15,457,Home Office,Male,37,North,Electronics,Product C,1,3170,0.12,Net Banking,2789.6,283.2315341642701
1016,2022-01-16,493,Consumer,Female,52,East,Clothing,Product A,3,211,0.12,Card,557.04,130.64546870422865
1017,2022-01-17,391,Home Office,Male,64,West,Clothing,Product C,2,4744,0.17,UPI,7875.04,597.3181520145831
1018,2022-01-18,476,Home Office,Female,19,North,Clothing,Product A,4,961,0.07,Cash,3574.9199999999996,406.3362750531631
1019,2022-01-19,360,Corporate,Male,47,West,Furniture,Product C,5,3385,0.25,UPI,12693.75,773.7786231306249
1020,2022-01-20,221,Consumer,Male,51,West,Clothing,Product C,5,225,0.09,Card,1023.75,195.18926158027668
1021,2022-01-21,452,Corporate,Male,39,North,Furniture,Product C,4,2006,0.21,Card,6338.96,1446.8836561937508
1022,2022-01-22,435,Consumer,Male,20,East,Clothing,Product C,2,4357,0.15,Net Banking,7406.9,1312.316807297607
1023,2022-01-23,248,Home Office,Female,23,West,Clothing,Product C,1,4524,0.18,Net Banking,3709.6800000000003,881.2367213165282
1024,2022-01-24,258,Home Office,Male,32,North,Electronics,Product B,3,4902,0.05,Cash,13970.699999999999,1057.59310648937
1025,2022-01-25,369,Consumer,Male,44,South,Electronics,Product C,5,3859,0.22,Cash,15050.1,1016.585875739269
1026,2022-01-26,387,Corporate,Female,27,South,Electronics,Product B,3,1725,0.06,Card,4864.5,1058.916746152735
1027,2022-01-27,470,Corporate,Female,26,South,Furniture,Product C,1,960,0.03,Card,931.1999999999999,205.89040130398317
1028,2022-01-28,389,Corporate,Male,50,North,Furniture,Product B,5,794,0.16,Card,3334.7999999999997,721.0101229993702
1029,2022-01-29,374,Corporate,Female,49,South,Clothing,Product B,3,1255,0.21,Cash,2974.35,623.9977515702493
1030,2022-01-30,250,Home Office,Female,23,West,Furniture,Product A,1,2054,0.02,Card,2012.92,246.4733436678816
1031,2022-01-31,254,Home Office,Female,58,South,Clothing,Product C,3,3283,0.02,Cash,9652.02,902.3906760131493
1032,2022-02-01,443,Home Office,Male,53,South,Furniture,Product A,2,4116,0.24,Card,6256.32,1474.9950332785147
1033,2022-02-02,330,Home Office,Male,19,West,Furniture,Product A,1,3875,0.24,UPI,2945.0,328.0731076976687
1034,2022-02-03,334,Home Office,Male,46,South,Furniture,Product C,3,2248,0.07,UPI,6271.919999999999,813.3522219836473
1035,2022-02-04,220,Corporate,Female,21,West,Electronics,Product A,2,1658,0.18,Card,2719.1200000000003,516.392951564825
1036,2022-02-05,366,Corporate,Male,18,South,Furniture,Product C,2,1419,0.13,UPI,2469.06,268.315752573991
1037,2022-02-06,473,Corporate,Female,36,West,Electronics,Product A,1,4428,0.19,Cash,3586.6800000000003,766.9255966136825
1038,2022-02-07,288,Corporate,Male,43,South,Electronics,Product C,4,4381,0.26,Net Banking,12967.76,830.0264381894536
1039,2022-02-08,213,Home Office,Male,42,West,Furniture,Product C,5,1699,0.02,UPI,8325.1,1733.5899648559239
1040,2022-02-09,441,Home Office,Female,27,North,Clothing,Product C,1,2030,0.23,Net Banking,1563.1000000000001,266.305760476778
1041,2022-02-10,464,Home Office,Male,32,West,Clothing,Product B,2,3595,0.15,UPI,6111.5,1005.9451312000447
1042,2022-02-11,252,Consumer,Female,39,South,Clothing,Product A,2,1403,0.17,Cash,2328.98,329.95919132263157
1043,2022-02-12,291,Corporate,Female,38,South,Furniture,Product B,1,4470,0.2,UPI,3576.0,376.9430104619037
1044,2022-02-13,463,Corporate,Male,39,East,Clothing,Product A,4,3010,0.28,UPI,8668.8,1238.0264980692607
1045,2022-02-14,234,Home Office,Female,53,West,Electronics,Product A,5,3292,0.02,Card,16130.8,2258.4039843342084
1046,2022-02-15,405,Corporate,Male,51,North,Clothing,Product A,3,3244,0.01,Net Banking,9634.68,1606.5909615168937
1047,2022-02-16,280,Corporate,Male,47,West,Furniture,Product B,1,4873,0.05,Net Banking,4629.349999999999,492.16868404505976
1048,2022-02-17,249,Home Office,Female,42,West,Clothing,Product A,5,3714,0.3,Cash,12999.0,851.6829940215923
1049,2022-02-18,201,Consumer,Male,62,North,Electronics,Product B,5,1998,0.21,Cash,7892.1,623.6170843641487
1050,2022-02-19,253,Consumer,Female,45,West,Furniture,Product C,2,2775,0.18,Net Banking,4551.0,863.9412981163235
1051,2022-02-20,305,Consumer,Male,18,North,Clothing,Product A,3,344,0.01,Card,1021.68,55.679992668407806
1052,2022-02-21,459,Home Office,Male,62,North,Furniture,Product A,1,4126,0.26,Card,3053.24,675.6472323266426
1053,2022-02-22,390,Corporate,Male,21,West,Furniture,Product C,2,1577,0.24,Net Banking,2397.04,452.7516339724903
1054,2022-02-23,417,Home Office,Male,24,West,Furniture,Product C,2,3346,0.2,UPI,5353.6,1090.0856215089982
1055,2022-02-24,243,Home Office,Male,26,South,Clothing,Product A,4,2025,0.1,Net Banking,7290.0,1583.365326778286
1056,2022-02-25,361,Corporate,Female,53,South,Furniture,Product C,5,993,0.02,UPI,4865.7,362.6994414062165
1057,2022-02-26,401,Consumer,Female,36,East,Clothing,Product B,1,1801,0.17,Net Banking,1494.83,320.62641286295684
1058,2022-02-27,469,Consumer,Female,18,East,Electronics,Product B,1,4614,0.22,UPI,3598.92,543.1795523479861
1059,2022-02-28,470,Home Office,Female,27,West,Clothing,Product A,1,1310,0.03,Card,1270.7,288.58202838073754
1060,2022-03-01,414,Consumer,Female,53,North,Electronics,Product B,2,4253,0.19,Net Banking,6889.860000000001,1566.1845118363237
1061,2022-03-02,451,Home Office,Female,26,East,Clothing,Product B,4,4993,0.09,Cash,18174.52,996.6108679542083
1062,2022-03-03,389,Home Office,Male,62,West,Furniture,Product A,3,4137,0.23,UPI,9556.47,1209.5914891623952
1063,2022-03-04,495,Corporate,Male,63,East,Clothing,Product C,2,4163,0.16,Card,6993.84,1086.0017908948769
1064,2022-03-05,412,Corporate,Female,59,North,Furniture,Product A,3,982,0.04,Cash,2828.16,525.1101743040824
1065,2022-03-06,407,Corporate,Female,49,West,Electronics,Product B,4,1316,0.16,Card,4421.76,474.17737962760725
1066,2022-03-07,436,Home Office,Male,49,North,Clothing,Product A,5,1950,0.12,UPI,8580.0,861.6761193005433
1067,2022-03-08,252,Corporate,Male,23,West,Furniture,Product A,1,2776,0.05,Net Banking,2637.2,332.954790876327
1068,2022-03-09,479,Consumer,Male,55,East,Electronics,Product B,3,4227,0.25,Card,9510.75,1428.3980325120617
1069,2022-03-10,416,Consumer,Female,34,South,Electronics,Product B,2,3536,0.0,Net Banking,7072.0,1698.9012296998167
1070,2022-03-11,451,Home Office,Female,27,East,Clothing,Product A,3,4587,0.09,Net Banking,12522.51,2534.8276790606656
1071,2022-03-12,387,Home Office,Female,44,East,Electronics,Product B,5,1687,0.0,Card,8435.0,1146.0148086239087
1072,2022-03-13,240,Corporate,Male,52,South,Furniture,Product B,1,4075,0.03,Card,3952.75,240.6166823658873
1073,2022-03-14,356,Home Office,Male,38,South,Electronics,Product B,3,3831,0.09,Card,10458.630000000001,875.4304041224973
1074,2022-03-15,214,Home Office,Female,42,West,Electronics,Product B,5,4392,0.02,Net Banking,21520.8,3038.411670178662
1075,2022-03-16,264,Consumer,Female,45,West,Furniture,Product B,2,4158,0.18,Cash,6819.120000000001,1450.8712943762155
1076,2022-03-17,208,Consumer,Male,64,North,Electronics,Product B,4,3597,0.03,UPI,13956.359999999999,1760.442789261171
1077,2022-03-18,328,Corporate,Male,32,North,Electronics,Product C,2,273,0.21,Cash,431.34000000000003,68.02202906647481
1078,2022-03-19,335,Home Office,Male,21,East,Electronics,Product A,1,1559,0.02,Net Banking,1527.82,348.8944682117081
1079,2022-03-20,262,Home Office,Male,46,South,Electronics,Product B,2,1291,0.02,Card,2530.36,588.9647006005531
1080,2022-03-21,338,Consumer,Female,26,North,Furniture,Product A,2,2141,0.09,Card,3896.6200000000003,362.9896333277025
1081,2022-03-22,280,Home Office,Male,44,East,Electronics,Product C,2,3348,0.27,UPI,4888.08,287.023093063189
1082,2022-03-23,362,Consumer,Male,43,South,Furniture,Product B,2,4503,0.19,UPI,7294.860000000001,810.3284131925732
1083,2022-03-24,488,Corporate,Male,36,West,Electronics,Product A,1,1444,0.23,Cash,1111.88,210.32373556169773
1084,2022-03-25,460,Consumer,Female,45,East,Electronics,Product B,5,1485,0.04,Cash,7128.0,1712.3055537117655
1085,2022-03-26,430,Home Office,Female,34,West,Electronics,Product B,3,4705,0.25,UPI,10586.25,692.4085019663653
1086,2022-03-27,240,Corporate,Male,60,North,Electronics,Product B,4,3236,0.0,Net Banking,12944.0,720.9388887499541
1087,2022-03-28,227,Consumer,Male,58,North,Furniture,Product B,3,970,0.06,Cash,2735.3999999999996,620.4692572802287
1088,2022-03-29,334,Consumer,Male,59,South,Furniture,Product B,3,2043,0.18,Card,5025.780000000001,1003.291706110637
1089,2022-03-30,400,Corporate,Female,37,East,Furniture,Product B,4,273,0.11,Card,971.88,241.46330982194414
1090,2022-03-31,467,Corporate,Female,62,West,Clothing,Product B,1,1860,0.3,Net Banking,1302.0,168.4248663336561
1091,2022-04-01,232,Consumer,Female,57,South,Electronics,Product C,4,4549,0.01,UPI,18014.04,2399.653529433994
1092,2022-04-02,247,Home Office,Male,56,North,Electronics,Product C,1,1019,0.3,Cash,713.3,60.247006708854165
1093,2022-04-03,261,Consumer,Female,40,North,Furniture,Product B,3,4018,0.19,Card,9763.74,714.4072955401475
1094,2022-04-04,415,Corporate,Male,64,East,Clothing,Product B,1,531,0.17,UPI,440.72999999999996,73.04817776148712
1095,2022-04-05,492,Consumer,Male,49,West,Electronics,Product C,5,1621,0.02,Cash,7942.9,975.8408673569451
1096,2022-04-06,298,Corporate,Male,64,East,Furniture,Product C,4,3855,0.08,Net Banking,14186.400000000001,937.2002514260851
1097,2022-04-07,371,Corporate,Female,50,West,Electronics,Product C,5,1891,0.28,Card,6807.599999999999,1548.0306348973907
1098,2022-04-08,413,Home Office,Male,63,West,Electronics,Product B,3,4750,0.11,Net Banking,12682.5,1137.2561817144333
1099,2022-04-09,234,Corporate,Female,22,East,Furniture,Product A,4,4608,0.2,Net Banking,14745.6,2944.9450694350594
1100,2022-04-10,426,Corporate,Female,60,South,Furniture,Product A,3,427,0.3,Net Banking,896.6999999999999,95.44987642782205
1101,2022-04-11,300,Home Office,Male,51,East,Electronics,Product A,5,3081,0.08,Cash,14172.6,3012.825000865424
1102,2022-04-12,330,Corporate,Male,57,East,Electronics,Product A,3,3065,0.17,Net Banking,7631.849999999999,562.3098868499284
1103,2022-04-13,456,Home Office,Female,28,North,Furniture,Product B,4,2775,0.21,Cash,8769.0,1764.4483900069254
1104,2022-04-14,204,Home Office,Male,20,North,Electronics,Product A,4,4722,0.05,Cash,17943.6,1249.301165144247
1105,2022-04-15,417,Corporate,Female,50,East,Electronics,Product C,3,664,0.04,Net Banking,1912.32,266.54519988691794
1106,2022-04-16,454,Corporate,Male,28,East,Furniture,Product C,4,477,0.14,Net Banking,1640.8799999999999,322.92661176237584
1107,2022-04-17,482,Consumer,Female,33,North,Electronics,Product A,4,4314,0.12,UPI,15185.28,1285.3379238939635
1108,2022-04-18,406,Home Office,Female,35,West,Electronics,Product C,3,265,0.21,Card,628.0500000000001,67.28487924903688
1109,2022-04-19,214,Consumer,Female,47,East,Clothing,Product B,5,4462,0.02,UPI,21863.8,4874.608512341078
1110,2022-04-20,241,Corporate,Female,27,South,Furniture,Product A,4,602,0.29,Card,1709.6799999999998,388.1381601138768
1111,2022-04-21,378,Consumer,Male,35,South,Clothing,Product A,4,4183,0.0,Card,16732.0,986.9719980878031
1112,2022-04-22,262,Home Office,Male,55,South,Clothing,Product B,4,4704,0.18,UPI,15429.12,1290.1539624562595
1113,2022-04-23,430,Consumer,Female,36,East,Clothing,Product C,4,3678,0.17,UPI,12210.96,897.4370327588541
1114,2022-04-24,440,Home Office,Female,53,West,Electronics,Product B,3,3644,0.04,Card,10494.72,901.9017428597846
1115,2022-04-25,251,Corporate,Male,30,West,Electronics,Product B,5,4892,0.05,Card,23237.0,5670.700429940971
1116,2022-04-26,295,Corporate,Male,63,North,Clothing,Product C,5,4619,0.24,Card,17552.2,2814.1626515639705
1117,2022-04-27,421,Home Office,Male,20,East,Clothing,Product B,1,3239,0.27,Cash,2364.47,339.59104077179217
1118,2022-04-28,430,Corporate,Male,27,West,Clothing,Product C,4,1637,0.08,Card,6024.16,1487.3257940579228
1119,2022-04-29,436,Corporate,Male,55,East,Electronics,Product C,4,628,0.13,Net Banking,2185.44,352.7108408885691
1120,2022-04-30,342,Corporate,Male,18,North,Clothing,Product B,1,2882,0.11,Net Banking,2564.98,467.3998522565448
1121,2022-05-01,370,Corporate,Female,44,North,Clothing,Product C,5,2977,0.02,Net Banking,14587.3,1700.2097572766413
1122,2022-05-02,228,Home Office,Male,63,North,Furniture,Product B,2,3578,0.2,UPI,5724.8,723.7462352688185
1123,2022-05-03,235,Consumer,Male,25,South,Furniture,Product C,2,592,0.25,UPI,888.0,149.96710656449136
1124,2022-05-04,212,Consumer,Female,63,East,Electronics,Product A,5,4741,0.09,UPI,21571.55,1379.6550057710451
1125,2022-05-05,359,Corporate,Male,59,North,Furniture,Product C,4,541,0.3,Card,1514.8,153.2622791561251
1126,2022-05-06,386,Consumer,Male,34,East,Furniture,Product C,2,332,0.02,Net Banking,650.72,58.14986832176222
1127,2022-05-07,442,Consumer,Male,26,South,Furniture,Product B,3,464,0.2,Card,1113.6000000000001,59.21977652014161
1128,2022-05-08,285,Corporate,Male,23,South,Electronics,Product C,3,4388,0.13,Cash,11452.68,1802.4256885727655
1129,2022-05-09,483,Corporate,Male,60,North,Furniture,Product A,1,1885,0.13,Cash,1639.95,266.0172208354371
1130,2022-05-10,265,Consumer,Female,42,North,Electronics,Product A,5,1634,0.14,UPI,7026.2,890.8367537808778
1131,2022-05-11,369,Home Office,Male,56,West,Clothing,Product C,5,1860,0.08,Cash,8556.0,887.6464457481501
1132,2022-05-12,244,Corporate,Female,45,East,Furniture,Product C,2,4017,0.21,Net Banking,6346.860000000001,1145.0495489110492
1133,2022-05-13,261,Home Office,Female,50,North,Electronics,Product A,4,2554,0.22,Cash,7968.4800000000005,613.0297668617634
1134,2022-05-14,333,Consumer,Male,54,West,Furniture,Product B,5,465,0.08,UPI,2139.0,328.8135105335959
1135,2022-05-15,483,Corporate,Female,26,East,Clothing,Product A,2,4941,0.25,Card,7411.5,1509.091069167082
1136,2022-05-16,227,Home Office,Male,35,North,Electronics,Product A,2,1336,0.1,Cash,2404.8,199.2607583617811
1137,2022-05-17,307,Corporate,Female,38,West,Electronics,Product C,5,4749,0.22,Net Banking,18521.100000000002,3716.2940480574043
1138,2022-05-18,243,Consumer,Female,19,West,Electronics,Product C,2,1590,0.04,Net Banking,3052.7999999999997,617.1506955086986
1139,2022-05-19,485,Home Office,Male,60,East,Clothing,Product A,1,1312,0.05,Net Banking,1246.3999999999999,77.2585148708878
1140,2022-05-20,327,Consumer,Male,55,West,Clothing,Product B,1,2434,0.09,Card,2214.94,119.06823104470851
1141,2022-05-21,430,Consumer,Male,57,East,Clothing,Product A,5,3066,0.18,Net Banking,12570.6,3077.1204829030407
1142,2022-05-22,389,Corporate,Male,53,East,Electronics,Product A,4,3268,0.19,UPI,10588.320000000002,938.9354962449197
1143,2022-05-23,424,Home Office,Male,60,East,Clothing,Product B,1,2379,0.12,UPI,2093.52,448.9089754070496
1144,2022-05-24,482,Consumer,Female,54,South,Furniture,Product A,1,834,0.02,Net Banking,817.3199999999999,132.70835514939668
1145,2022-05-25,320,Consumer,Female,32,West,Clothing,Product A,5,3831,0.11,Cash,17047.95,1754.1391236165691
1146,2022-05-26,315,Home Office,Female,45,East,Electronics,Product C,3,1599,0.21,Net Banking,3789.63,287.98947314475015
1147,2022-05-27,432,Consumer,Female,35,North,Furniture,Product B,2,4986,0.2,UPI,7977.6,1191.3385235387357
1148,2022-05-28,458,Consumer,Female,51,South,Clothing,Product C,1,2939,0.05,UPI,2792.0499999999997,367.0735003620011
1149,2022-05-29,397,Home Office,Female,39,South,Furniture,Product C,3,3370,0.0,UPI,10110.0,1918.6476641067115
1150,2022-05-30,336,Home Office,Female,28,West,Furniture,Product B,4,2065,0.23,Cash,6360.2,1468.1485617666906
1151,2022-05-31,364,Home Office,Male,30,East,Electronics,Product B,3,2155,0.03,Cash,6271.05,1323.5027031504142
1152,2022-06-01,424,Home Office,Male,21,West,Furniture,Product A,5,4877,0.02,Cash,23897.3,2506.5975958718905
1153,2022-06-02,433,Corporate,Female,39,South,Furniture,Product C,4,2418,0.0,UPI,9672.0,2183.8084177741403
1154,2022-06-03,371,Home Office,Female,24,East,Electronics,Product B,4,1589,0.13,Card,5529.72,1198.1701234861025
1155,2022-06-04,351,Corporate,Male,60,North,Electronics,Product C,3,3330,0.15,Net Banking,8491.5,2002.5270657296792
1156,2022-06-05,359,Corporate,Male,41,East,Electronics,Product C,5,4476,0.19,Net Banking,18127.800000000003,2569.292326322487
1157,2022-06-06,295,Corporate,Male,21,South,Furniture,Product B,1,4314,0.09,UPI,3925.7400000000002,799.7322594668946
1158,2022-06-07,432,Consumer,Male,45,North,Furniture,Product A,3,1449,0.21,Cash,3434.13,578.0726425113605
1159,2022-06-08,379,Corporate,Female,32,East,Furniture,Product C,1,3366,0.05,Card,3197.7,358.4639303654966
1160,2022-06-09,312,Corporate,Male,18,North,Electronics,Product B,3,1445,0.25,Card,3251.25,809.191259403432
1161,2022-06-10,251,Consumer,Female,20,North,Clothing,Product A,1,253,0.17,Cash,209.98999999999998,12.108336992332097
1162,2022-06-11,467,Consumer,Female,31,South,Furniture,Product C,3,3110,0.18,Net Banking,7650.6,630.8265087240914
1163,2022-06-12,494,Consumer,Female,55,North,Clothing,Product B,4,2596,0.06,Net Banking,9760.96,2230.462059795865
1164,2022-06-13,312,Home Office,Male,18,West,Electronics,Product C,2,642,0.02,Card,1258.32,78.15748742459701
1165,2022-06-14,300,Consumer,Male,55,South,Furniture,Product B,4,4875,0.14,Card,16770.0,3812.8965182701722
1166,2022-06-15,312,Consumer,Female,55,West,Clothing,Product B,1,3811,0.18,Cash,3125.0200000000004,603.2672834222799
1167,2022-06-16,280,Corporate,Female,38,North,Furniture,Product C,5,4577,0.03,Net Banking,22198.45,1272.7881119100957
1168,2022-06-17,386,Consumer,Female,46,West,Furniture,Product C,4,2607,0.29,Card,7403.879999999999,1005.920815777436
1169,2022-06-18,312,Home Office,Male,22,East,Furniture,Product B,2,1022,0.29,Net Banking,1451.24,291.5458366764493
1170,2022-06-19,201,Consumer,Female,27,North,Clothing,Product A,1,3902,0.16,Card,3277.68,546.1272281857359
1171,2022-06-20,329,Home Office,Male,45,East,Electronics,Product C,4,3139,0.29,Cash,8914.76,2114.3515917506143
1172,2022-06-21,419,Consumer,Female,38,West,Furniture,Product B,3,4936,0.05,Net Banking,14067.599999999999,3144.51383947857
1173,2022-06-22,253,Consumer,Female,24,East,Electronics,Product B,5,1231,0.01,Card,6093.45,710.0668467053704
1174,2022-06-23,423,Consumer,Female,20,North,Electronics,Product A,1,2216,0.01,Card,2193.84,146.82370532395902
1175,2022-06-24,424,Consumer,Male,62,East,Clothing,Product A,4,762,0.18,Card,2499.36,596.9756549217511
1176,2022-06-25,325,Home Office,Male,64,West,Clothing,Product A,1,2738,0.02,Card,2683.24,411.7629093491222
1177,2022-06-26,329,Home Office,Female,37,West,Electronics,Product C,3,540,0.29,Cash,1150.2,74.62442951052304
1178,2022-06-27,252,Corporate,Male,36,West,Furniture,Product B,2,4767,0.04,Net Banking,9152.64,1952.3965243713353
1179,2022-06-28,371,Home Office,Female,52,North,Clothing,Product B,4,3975,0.09,Net Banking,14469.0,3236.734024869385
1180,2022-06-29,417,Consumer,Male,21,West,Furniture,Product B,1,2496,0.25,UPI,1872.0,333.00058528210815
1181,2022-06-30,359,Corporate,Male,22,North,Furniture,Product A,1,434,0.07,Net Banking,403.61999999999995,56.3057137460641
1182,2022-07-01,397,Corporate,Male,18,East,Furniture,Product B,1,1316,0.07,UPI,1223.8799999999999,223.2780612645148
1183,2022-07-02,446,Corporate,Female,21,West,Electronics,Product C,2,2108,0.19,Card,3414.96,653.4073106970338
1184,2022-07-03,402,Consumer,Male,29,East,Furniture,Product A,1,1617,0.08,Cash,1487.64,340.0834173694019
1185,2022-07-04,383,Home Office,Male,44,South,Electronics,Product A,5,1491,0.07,Cash,6933.15,1672.0839818580232
1186,2022-07-05,322,Consumer,Female,59,East,Electronics,Product A,5,3688,0.08,Card,16964.8,2593.3103507650667
1187,2022-07-06,454,Corporate,Female,40,South,Furniture,Product A,1,4927,0.15,UPI,4187.95,878.2085363365134
1188,2022-07-07,493,Consumer,Female,42,East,Furniture,Product C,5,3854,0.29,Card,13681.699999999999,3323.3110784422047
1189,2022-07-08,479,Consumer,Female,38,North,Furniture,Product B,4,728,0.25,Cash,2184.0,175.26309010259476
1190,2022-07-09,297,Home Office,Male,41,East,Furniture,Product C,5,3524,0.09,Cash,16034.2,860.2924941451756
1191,2022-07-10,397,Home Office,Male,42,North,Electronics,Product B,1,2180,0.11,Net Banking,1940.2,434.20270241605203
1192,2022-07-11,439,Corporate,Male,62,North,Furniture,Product C,3,3139,0.14,UPI,8098.62,721.2199044204243
1193,2022-07-12,343,Consumer,Male,63,West,Furniture,Product A,4,1529,0.29,Net Banking,4342.36,254.00961941425342
1194,2022-07-13,296,Consumer,Male,49,North,Electronics,Product A,2,1433,0.05,Cash,2722.7,223.31375079998483
1195,2022-07-14,400,Home Office,Female,49,South,Clothing,Product C,1,1953,0.11,Cash,1738.17,220.43990305531653
1196,2022-07-15,323,Consumer,Male,22,West,Clothing,Product C,2,3000,0.22,Net Banking,4680.0,439.23269669065496
1197,2022-07-16,386,Consumer,Male,53,West,Electronics,Product B,3,3133,0.29,Net Banking,6673.29,741.0736981079392
1198,2022-07-17,458,Consumer,Male,63,East,Clothing,Product C,2,2959,0.05,Cash,5622.099999999999,1377.7451373089727
1199,2022-07-18,347,Home Office,Female,59,North,Electronics,Product C,1,2975,0.07,Net Banking,2766.75,528.120307862361
1200,2022-07-19,451,Corporate,Female,59,North,Furniture,Product B,1,3687,0.07,Net Banking,3428.91,659.8537677849388
1201,2022-07-20,346,Corporate,Male,56,South,Furniture,Product B,3,4050,0.01,UPI,12028.5,829.209605982964
1202,2022-07-21,347,Consumer,Female,33,East,Clothing,Product B,1,2727,0.18,Cash,2236.1400000000003,439.2218897390629
1203,2022-07-22,398,Corporate,Female,50,East,Furniture,Product C,3,1090,0.2,Card,2616.0,517.6249550022156
1204,2022-07-23,327,Home Office,Female,38,West,Clothing,Product B,3,2265,0.18,UPI,5571.900000000001,1013.8016536119828
1205,2022-07-24,238,Home Office,Female,26,West,Clothing,Product A,1,1388,0.02,Card,1360.24,130.15763745362992
1206,2022-07-25,328,Corporate,Female,23,West,Furniture,Product A,5,4497,0.02,Net Banking,22035.3,2966.110823385934
1207,2022-07-26,466,Corporate,Female,62,South,Furniture,Product A,3,940,0.06,Net Banking,2650.7999999999997,581.2019252076486
1208,2022-07-27,350,Consumer,Female,52,South,Clothing,Product C,1,1569,0.09,Card,1427.79,262.7709368712506
1209,2022-07-28,497,Corporate,Male,56,West,Furniture,Product A,5,1589,0.24,Net Banking,6038.2,1186.830955899282
1210,2022-07-29,298,Consumer,Male,39,East,Electronics,Product C,3,2200,0.05,Net Banking,6270.0,1050.0674977577644
1211,2022-07-30,462,Consumer,Female,58,South,Furniture,Product C,5,1671,0.01,UPI,8271.45,1157.3191150446241
1212,2022-07-31,451,Home Office,Male,22,East,Furniture,Product A,4,1736,0.12,Card,6110.72,1233.206859791456
1213,2022-08-01,343,Home Office,Male,59,East,Electronics,Product B,4,518,0.12,UPI,1823.36,115.93864257658916
1214,2022-08-02,311,Home Office,Female,40,North,Furniture,Product C,5,2464,0.14,Card,10595.2,1956.214519190691
1215,2022-08-03,259,Home Office,Male,34,West,Furniture,Product A,3,2094,0.25,UPI,4711.5,1175.2408077476948
1216,2022-08-04,201,Corporate,Female,29,North,Clothing,Product C,1,3911,0.03,Cash,3793.67,781.6416434129976
1217,2022-08-05,453,Home Office,Female,40,West,Furniture,Product B,2,3022,0.21,Cash,4774.76,516.2122065079142
1218,2022-08-06,339,Corporate,Female,33,West,Furniture,Product B,1,4708,0.1,Card,4237.2,447.29535259312775
1219,2022-08-07,236,Home Office,Male,20,East,Electronics,Product A,2,1475,0.09,Cash,2684.5,492.4546720276282
1220,2022-08-08,359,Corporate,Male,47,West,Clothing,Product C,2,3283,0.28,UPI,4727.5199999999995,1083.4097834185934
1221,2022-08-09,208,Consumer,Male,39,East,Clothing,Product C,3,600,0.07,Card,1674.0,277.19757323585776
1222,2022-08-10,432,Corporate,Male,26,East,Clothing,Product C,5,923,0.19,Cash,3738.15,581.2092719569507
1223,2022-08-11,298,Corporate,Female,46,West,Furniture,Product C,1,2529,0.08,Cash,2326.6800000000003,190.96651130627865
1224,2022-08-12,346,Home Office,Female,64,East,Clothing,Product A,5,1335,0.15,Card,5673.75,1095.5522800945519
1225,2022-08-13,407,Corporate,Male,54,East,Electronics,Product B,4,2970,0.24,Cash,9028.8,1719.6227553973174
1226,2022-08-14,330,Consumer,Female,40,East,Clothing,Product A,3,467,0.26,Cash,1036.74,252.33243729763865
1227,2022-08-15,351,Consumer,Female,30,South,Electronics,Product C,3,769,0.25,Card,1730.25,190.39400537897518
1228,2022-08-16,253,Home Office,Male,49,East,Clothing,Product C,4,2756,0.17,Cash,9149.92,1841.7791186249613
1229,2022-08-17,319,Consumer,Female,63,South,Clothing,Product B,1,2173,0.07,Cash,2020.8899999999999,276.4841291403353
1230,2022-08-18,360,Corporate,Male,64,South,Electronics,Product C,4,745,0.2,Cash,2384.0,385.47982704257316
1231,2022-08-19,315,Consumer,Female,40,East,Clothing,Product A,1,3022,0.21,Cash,2387.38,509.20612115673214
1232,2022-08-20,274,Home Office,Male,62,East,Clothing,Product A,2,4660,0.0,Net Banking,9320.0,879.7987639153705
1233,2022-08-21,312,Corporate,Female,34,South,Clothing,Product B,3,4842,0.13,Card,12637.62,1498.48996800529
1234,2022-08-22,303,Home Office,Female,57,South,Furniture,Product A,1,470,0.25,Net Banking,352.5,72.1432612489306
1235,2022-08-23,453,Corporate,Male,38,East,Electronics,Product A,5,938,0.15,Net Banking,3986.5,654.1510958590117
1236,2022-08-24,426,Consumer,Male,19,East,Clothing,Product A,5,1457,0.09,UPI,6629.35,454.00827283692547
1237,2022-08-25,311,Home Office,Male,54,West,Electronics,Product A,3,258,0.26,Net Banking,572.76,77.91665141121221
1238,2022-08-26,298,Home Office,Male,23,South,Electronics,Product C,4,4381,0.05,Net Banking,16647.8,2785.6208135424363
1239,2022-08-27,352,Corporate,Female,61,South,Electronics,Product A,4,589,0.06,UPI,2214.64,513.5826859383742
1240,2022-08-28,393,Home Office,Female,35,West,Clothing,Product B,1,918,0.21,Cash,725.22,63.60006071529992
1241,2022-08-29,362,Corporate,Male,47,South,Clothing,Product B,4,4444,0.11,Cash,15820.64,3341.170353926308
1242,2022-08-30,407,Corporate,Female,39,North,Electronics,Product A,3,4878,0.21,Net Banking,11560.86,880.0692722841685
1243,2022-08-31,368,Corporate,Male,50,South,Furniture,Product B,1,320,0.05,UPI,304.0,29.92792813260908
1244,2022-09-01,360,Corporate,Male,47,West,Electronics,Product A,2,2852,0.08,Cash,5247.68,517.7821661026899
1245,2022-09-02,267,Consumer,Female,34,North,Furniture,Product B,4,2503,0.05,UPI,9511.4,2144.781124793454
1246,2022-09-03,488,Corporate,Female,60,East,Electronics,Product B,4,3111,0.29,Card,8835.24,793.435814639699
1247,2022-09-04,476,Home Office,Male,49,West,Electronics,Product A,1,999,0.12,Card,879.12,182.3225828614826
1248,2022-09-05,334,Consumer,Male,59,West,Electronics,Product A,5,3580,0.1,Card,16110.0,2293.4406526112157
1249,2022-09-06,394,Home Office,Male,31,East,Clothing,Product C,4,2306,0.0,Card,9224.0,2304.322648432479
1250,2022-09-07,327,Consumer,Female,27,West,Furniture,Product A,3,1309,0.05,Net Banking,3730.6499999999996,812.6038398892954
1251,2022-09-08,232,Corporate,Female,64,South,Furniture,Product A,4,1450,0.13,Card,5046.0,998.8084032847379
1252,2022-09-09,375,Consumer,Female,53,East,Electronics,Product C,2,2840,0.02,Card,5566.4,1247.6821826697562
1253,2022-09-10,221,Consumer,Female,51,West,Clothing,Product A,4,1849,0.15,UPI,6286.599999999999,1111.5090932301607
1254,2022-09-11,437,Home Office,Male,26,East,Clothing,Product A,5,1545,0.14,Cash,6643.5,1453.1357532494146
1255,2022-09-12,357,Home Office,Male,59,East,Furniture,Product C,4,3156,0.23,UPI,9720.48,993.6796594480169
1256,2022-09-13,237,Corporate,Male,45,East,Clothing,Product A,1,2646,0.2,Net Banking,2116.8,147.20363145175114
1257,2022-09-14,429,Consumer,Male,28,North,Furniture,Product A,4,3564,0.13,Card,12402.72,2147.982444586794
1258,2022-09-15,250,Consumer,Male,31,West,Furniture,Product C,5,684,0.07,Cash,3180.6,435.5452525811604
1259,2022-09-16,463,Consumer,Male,56,North,Furniture,Product C,1,1002,0.22,Cash,781.5600000000001,105.73581359375063
1260,2022-09-17,482,Corporate,Female,64,West,Clothing,Product B,3,1915,0.21,Card,4538.55,705.0617931292772
1261,2022-09-18,226,Corporate,Female,36,South,Furniture,Product A,1,2115,0.05,Card,2009.25,245.68410245761328
1262,2022-09-19,425,Corporate,Male,32,South,Furniture,Product B,2,3683,0.27,Net Banking,5377.18,942.1459582567503
1263,2022-09-20,476,Corporate,Male,45,South,Electronics,Product B,1,1957,0.02,Net Banking,1917.86,107.6181698002651
1264,2022-09-21,485,Corporate,Female,41,West,Furniture,Product C,3,2009,0.02,Card,5906.46,1441.047883034192
1265,2022-09-22,296,Home Office,Female,25,East,Furniture,Product A,4,3207,0.06,Card,12058.32,2833.003386592589
1266,2022-09-23,483,Consumer,Female,60,East,Electronics,Product A,1,3425,0.27,Card,2500.25,592.6943447990959
1267,2022-09-24,346,Consumer,Female,26,North,Electronics,Product C,1,3695,0.16,Card,3103.7999999999997,381.769569918549
1268,2022-09-25,203,Consumer,Male,64,North,Clothing,Product B,1,2520,0.24,Cash,1915.2,299.49551242174164
1269,2022-09-26,234,Consumer,Male,50,South,Furniture,Product C,1,1870,0.07,Net Banking,1739.1,418.82070635548575
1270,2022-09-27,391,Consumer,Male,50,North,Clothing,Product A,3,4815,0.15,Card,12278.25,2829.7585934664035
1271,2022-09-28,248,Consumer,Male,36,West,Clothing,Product C,5,1351,0.11,Card,6011.95,1250.7795553787805
1272,2022-09-29,216,Consumer,Male,20,West,Electronics,Product A,5,4947,0.25,Cash,18551.25,2438.86453123203
1273,2022-09-30,371,Consumer,Female,27,North,Clothing,Product B,1,2423,0.01,UPI,2398.77,390.68249967854047
1274,2022-10-01,419,Home Office,Male,57,North,Furniture,Product A,3,2867,0.07,Card,7998.929999999999,1668.4367754771538
1275,2022-10-02,357,Consumer,Female,64,North,Electronics,Product B,3,410,0.05,Cash,1168.5,122.22790335770543
1276,2022-10-03,245,Home Office,Male,59,North,Furniture,Product B,1,2694,0.26,Cash,1993.56,349.45088050496673
1277,2022-10-04,205,Corporate,Male,18,South,Furniture,Product A,2,4881,0.14,UPI,8395.32,1809.9207192230583
1278,2022-10-05,298,Consumer,Male,46,South,Electronics,Product A,1,4462,0.12,Net Banking,3926.56,751.9007374053484
1279,2022-10-06,432,Corporate,Male,51,North,Furniture,Product B,2,2707,0.13,Net Banking,4710.18,687.1970158846456
1280,2022-10-07,236,Corporate,Male,30,West,Electronics,Product C,1,3163,0.29,Net Banking,2245.73,374.8610062607612
1281,2022-10-08,479,Corporate,Female,18,South,Furniture,Product A,2,3628,0.26,Card,5369.44,1330.1988016777505
1282,2022-10-09,380,Home Office,Female,51,West,Electronics,Product B,2,3575,0.21,Net Banking,5648.5,962.4906116129533
1283,2022-10-10,294,Corporate,Female,46,East,Clothing,Product B,1,4155,0.09,Card,3781.05,783.1445017664386
1284,2022-10-11,298,Corporate,Male,64,West,Furniture,Product C,2,3905,0.05,Card,7419.5,1449.1838098600135
1285,2022-10-12,387,Corporate,Male,30,North,Electronics,Product A,4,3605,0.28,Cash,10382.4,1975.7512333344118
1286,2022-10-13,315,Consumer,Female,46,East,Furniture,Product B,5,4238,0.13,Net Banking,18435.3,3563.0606883487853
1287,2022-10-14,390,Consumer,Male,56,South,Furniture,Product C,3,1252,0.08,Net Banking,3455.52,486.8203967496249
1288,2022-10-15,452,Home Office,Male,41,South,Furniture,Product B,2,913,0.14,Net Banking,1570.36,227.43843433125664
1289,2022-10-16,360,Home Office,Female,43,East,Electronics,Product A,2,3088,0.28,Card,4446.72,638.4269182953876
1290,2022-10-17,455,Consumer,Male,34,West,Clothing,Product C,3,887,0.12,Card,2341.68,132.65832972352402
1291,2022-10-18,327,Home Office,Female,24,South,Clothing,Product B,2,529,0.17,Net Banking,878.14,86.24482183560531
1292,2022-10-19,217,Consumer,Male,30,North,Clothing,Product C,3,1946,0.24,Card,4436.88,359.00038996494646
1293,2022-10-20,480,Corporate,Female,22,East,Electronics,Product A,1,1407,0.13,Card,1224.09,278.22219480025376
1294,2022-10-21,422,Corporate,Male,43,North,Clothing,Product C,4,2342,0.07,UPI,8712.24,914.7318226372081
1295,2022-10-22,253,Home Office,Male,20,East,Electronics,Product A,4,984,0.3,UPI,2755.2,214.04742929589136
1296,2022-10-23,257,Consumer,Female,24,South,Furniture,Product B,5,2896,0.29,Net Banking,10280.8,760.2999747178852
1297,2022-10-24,373,Consumer,Male,56,West,Furniture,Product A,2,4020,0.25,Net Banking,6030.0,1145.6877404699035
1298,2022-10-25,479,Home Office,Male,18,East,Clothing,Product B,5,3918,0.21,UPI,15476.1,792.6341856102003
1299,2022-10-26,313,Consumer,Female,34,East,Electronics,Product B,1,2893,0.09,Card,2632.63,379.78552143924725
1300,2022-10-27,487,Corporate,Male,60,North,Furniture,Product A,4,825,0.27,Card,2409.0,177.72209867721097
1301,2022-10-28,350,Home Office,Female,42,South,Electronics,Product B,1,4434,0.08,Cash,4079.28,897.1669646245191
1302,2022-10-29,326,Home Office,Male,20,North,Electronics,Product C,1,3908,0.24,Net Banking,2970.08,717.8388469384633
1303,2022-10-30,354,Consumer,Male,32,South,Furniture,Product B,2,961,0.28,Net Banking,1383.84,334.5445976205665
1304,2022-10-31,472,Home Office,Male,46,North,Electronics,Product A,1,4179,0.18,Net Banking,3426.78,474.2417538513221
1305,2022-11-01,303,Consumer,Male,60,East,Furniture,Product C,4,3729,0.24,Cash,11336.16,2028.0726344329523
1306,2022-11-02,498,Consumer,Female,49,North,Furniture,Product C,5,1755,0.24,Cash,6669.0,1133.3353772780313
1307,2022-11-03,445,Consumer,Male,43,West,Furniture,Product B,4,3833,0.06,Card,14412.08,1729.561729977293
1308,2022-11-04,375,Consumer,Female,33,South,Electronics,Product B,2,875,0.2,UPI,1400.0,194.33805759774876
1309,2022-11-05,238,Consumer,Male,42,South,Furniture,Product A,4,4387,0.03,UPI,17021.56,1070.0559343756415
1310,2022-11-06,369,Home Office,Male,45,East,Electronics,Product C,3,236,0.15,UPI,601.8,125.86033557234022
1311,2022-11-07,446,Corporate,Male,26,South,Furniture,Product A,5,4036,0.05,Card,19171.0,1881.8388263032405
1312,2022-11-08,225,Corporate,Male,18,West,Furniture,Product B,3,1987,0.12,UPI,5245.68,745.4398020790934
1313,2022-11-09,212,Home Office,Female,46,North,Clothing,Product C,3,2927,0.25,Cash,6585.75,962.3370992831626
1314,2022-11-10,235,Home Office,Female,39,East,Clothing,Product A,2,4080,0.3,Cash,5712.0,926.157090806466
1315,2022-11-11,372,Corporate,Female,33,West,Clothing,Product A,1,2094,0.1,Net Banking,1884.6000000000001,402.5040623527789
1316,2022-11-12,219,Corporate,Female,58,South,Electronics,Product A,3,336,0.16,UPI,846.7199999999999,159.50190388494093
1317,2022-11-13,463,Corporate,Male,61,South,Electronics,Product A,4,3276,0.15,Cash,11138.4,2034.0122932841186
1318,2022-11-14,341,Corporate,Female,58,West,Furniture,Product A,1,4083,0.29,Net Banking,2898.93,450.3461640307628
1319,2022-11-15,342,Corporate,Female,24,North,Furniture,Product C,4,861,0.14,UPI,2961.84,204.93311864620162
1320,2022-11-16,291,Consumer,Male,31,North,Furniture,Product A,4,2010,0.21,UPI,6351.6,828.2594017075223
1321,2022-11-17,487,Home Office,Male,46,East,Furniture,Product C,1,614,0.28,Cash,442.08,106.74612672370546
1322,2022-11-18,414,Consumer,Male,36,South,Electronics,Product A,1,542,0.11,Net Banking,482.38,120.16549611150946
1323,2022-11-19,250,Corporate,Male,36,West,Furniture,Product B,4,2929,0.27,Net Banking,8552.68,1677.1773768388803
1324,2022-11-20,352,Corporate,Female,19,North,Furniture,Product B,2,3650,0.28,Cash,5256.0,501.96372918406684
1325,2022-11-21,385,Corporate,Female,58,East,Clothing,Product A,5,3865,0.28,Cash,13914.0,979.2412896982503
1326,2022-11-22,262,Consumer,Male,62,South,Furniture,Product B,5,3937,0.08,Cash,18110.2,2407.803099039696
1327,2022-11-23,389,Consumer,Male,32,South,Furniture,Product C,2,4097,0.12,UPI,7210.72,1595.8360295561017
1328,2022-11-24,324,Corporate,Male,20,East,Furniture,Product A,1,4441,0.26,Cash,3286.34,638.7752652273073
1329,2022-11-25,349,Consumer,Female,28,East,Electronics,Product C,4,4618,0.11,Cash,16440.08,3728.2558193109544
1330,2022-11-26,257,Consumer,Female,63,North,Clothing,Product A,5,2369,0.18,Card,9712.900000000001,1681.8397534053656
1331,2022-11-27,379,Corporate,Male,47,West,Furniture,Product B,4,2078,0.04,Cash,7979.5199999999995,606.9675583621483
1332,2022-11-28,369,Consumer,Male,57,South,Furniture,Product C,2,4170,0.02,Cash,8173.2,596.3100794938789
1333,2022-11-29,470,Home Office,Female,35,West,Clothing,Product B,4,4896,0.12,UPI,17233.920000000002,1027.1495686686876
1334,2022-11-30,253,Home Office,Male,19,South,Furniture,Product B,2,4770,0.17,Net Banking,7918.2,1293.9605245990665
1335,2022-12-01,300,Home Office,Male,49,South,Electronics,Product A,1,2817,0.12,UPI,2478.96,244.36905302867743
1336,2022-12-02,463,Home Office,Female,25,West,Furniture,Product C,2,1715,0.17,Card,2846.8999999999996,560.4883577146817
1337,2022-12-03,252,Corporate,Male,39,East,Electronics,Product B,2,774,0.15,Cash,1315.8,246.38353312026166
1338,2022-12-04,259,Corporate,Female,23,North,Electronics,Product A,5,4642,0.21,Cash,18335.9,2083.364352344932
1339,2022-12-05,307,Corporate,Male,29,South,Furniture,Product A,4,3067,0.19,Cash,9937.08,848.2324607573449
1340,2022-12-06,204,Home Office,Male,64,East,Clothing,Product A,5,3744,0.13,Cash,16286.4,1147.866611383519
1341,2022-12-07,302,Home Office,Female,57,South,Electronics,Product B,3,4677,0.13,Cash,12206.97,2410.4255855956526
1342,2022-12-08,395,Consumer,Female,53,North,Clothing,Product A,2,271,0.04,Cash,520.3199999999999,72.89069174800431
1343,2022-12-09,461,Consumer,Male,32,South,Furniture,Product C,3,2768,0.15,Card,7058.4,809.6407092469951
1344,2022-12-10,246,Home Office,Female,45,North,Electronics,Product C,5,3637,0.18,Cash,14911.7,3300.415555159798
1345,2022-12-11,343,Home Office,Male,62,North,Furniture,Product B,4,3180,0.14,Cash,10939.2,1845.6907397391615
1346,2022-12-12,468,Home Office,Male,35,South,Clothing,Product C,5,1317,0.1,Cash,5926.5,910.3131693308716
1347,2022-12-13,323,Home Office,Female,19,South,Furniture,Product A,4,2586,0.22,Card,8068.320000000001,1602.980196871212
1348,2022-12-14,305,Consumer,Male,30,North,Furniture,Product B,4,3708,0.02,Cash,14535.36,3097.7269106500803
1349,2022-12-15,357,Home Office,Male,62,East,Electronics,Product A,1,1559,0.27,Card,1138.07,213.06335519838686
1350,2022-12-16,346,Consumer,Female,32,West,Furniture,Product B,2,4959,0.01,UPI,9818.82,1355.0095682379392
1351,2022-12-17,344,Home Office,Female,37,North,Furniture,Product B,5,1715,0.29,Cash,6088.25,766.265674897289
1352,2022-12-18,319,Home Office,Male,46,South,Furniture,Product A,4,239,0.14,Net Banking,822.16,167.99440913005697
1353,2022-12-19,474,Home Office,Female,59,South,Electronics,Product C,5,1582,0.12,Card,6960.8,1069.0496327569808
1354,2022-12-20,291,Consumer,Female,46,East,Clothing,Product C,5,2230,0.08,UPI,10258.0,1958.0184786862492
1355,2022-12-21,257,Consumer,Female,20,West,Clothing,Product B,4,2821,0.0,Card,11284.0,2573.65198719699
1356,2022-12-22,428,Corporate,Female,36,North,Furniture,Product A,3,2100,0.08,Card,5796.0,1351.5004237867863
1357,2022-12-23,316,Home Office,Male,20,North,Electronics,Product A,2,2417,0.03,UPI,4688.98,494.88961561725205
1358,2022-12-24,478,Corporate,Male,31,West,Furniture,Product B,2,4996,0.2,Cash,7993.6,700.0634212996738
1359,2022-12-25,326,Corporate,Male,57,North,Clothing,Product C,1,4806,0.1,Cash,4325.400000000001,442.30446968019174
1360,2022-12-26,328,Consumer,Female,21,West,Electronics,Product A,1,1483,0.23,Card,1141.91,228.6952876984392
1361,2022-12-27,257,Consumer,Female,28,South,Clothing,Product C,1,783,0.06,UPI,736.02,91.27502313813896
1362,2022-12-28,321,Corporate,Female,48,West,Clothing,Product C,2,658,0.27,Cash,960.68,81.34832286372973
1363,2022-12-29,200,Home Office,Female,60,North,Electronics,Product B,3,2465,0.16,Card,6211.8,432.8202004709584
1364,2022-12-30,438,Consumer,Female,49,West,Electronics,Product B,2,2866,0.03,Net Banking,5560.04,641.9768844841235
1365,2022-12-31,489,Home Office,Female,44,East,Furniture,Product C,2,1015,0.12,UPI,1786.4,137.9588274084307
1366,2023-01-01,295,Home Office,Female,47,South,Furniture,Product A,2,2711,0.06,Net Banking,5096.679999999999,414.231252705251
1367,2023-01-02,325,Corporate,Male,60,South,Clothing,Product A,2,446,0.06,Net Banking,838.4799999999999,156.60860681104572
1368,2023-01-03,317,Corporate,Male,19,West,Electronics,Product B,3,616,0.15,Card,1570.8,84.7390351751862
1369,2023-01-04,247,Corporate,Female,26,North,Electronics,Product C,1,4663,0.2,UPI,3730.4,274.2241374335068
1370,2023-01-05,288,Corporate,Female,45,East,Furniture,Product A,5,3917,0.27,Cash,14297.05,3129.2396292296403
1371,2023-01-06,436,Consumer,Female,48,South,Clothing,Product A,1,307,0.15,Cash,260.95,57.14356609710263
1372,2023-01-07,471,Consumer,Male,51,South,Clothing,Product B,1,2831,0.29,Card,2010.01,232.85703694991545
1373,2023-01-08,388,Corporate,Male,32,North,Furniture,Product C,5,1038,0.28,Cash,3736.7999999999997,252.57256033445333
1374,2023-01-09,391,Consumer,Female,42,North,Electronics,Product A,2,4713,0.26,Cash,6975.24,1332.229454237075
1375,2023-01-10,268,Corporate,Female,53,East,Furniture,Product B,3,1621,0.15,Net Banking,4133.55,504.4019675995397
1376,2023-01-11,477,Home Office,Male,25,West,Furniture,Product A,3,4978,0.04,Net Banking,14336.64,847.1939985942456
1377,2023-01-12,446,Home Office,Male,26,North,Furniture,Product A,1,4112,0.07,UPI,3824.16,311.9191257614875
1378,2023-01-13,275,Home Office,Male,54,West,Furniture,Product A,5,455,0.19,Net Banking,1842.7500000000002,142.70801894934118
1379,2023-01-14,353,Corporate,Male,62,East,Electronics,Product B,4,3027,0.13,Cash,10533.96,1767.843600245368
1380,2023-01-15,343,Home Office,Female,56,West,Furniture,Product C,2,1037,0.04,UPI,1991.04,457.189606731607
1381,2023-01-16,285,Consumer,Male,49,South,Electronics,Product B,1,3162,0.14,UPI,2719.32,567.2893283314289
1382,2023-01-17,384,Home Office,Male,34,West,Furniture,Product C,3,2482,0.01,Card,7371.54,1174.3099772972625
1383,2023-01-18,484,Home Office,Female,52,East,Clothing,Product A,5,752,0.22,Net Banking,2932.8,394.2593335398628
1384,2023-01-19,419,Home Office,Male,54,East,Electronics,Product C,5,380,0.02,UPI,1862.0,323.4952064572453
1385,2023-01-20,268,Consumer,Male,36,East,Clothing,Product A,1,4452,0.19,Cash,3606.1200000000003,500.394400300618
1386,2023-01-21,246,Corporate,Male,61,West,Furniture,Product A,4,1677,0.24,UPI,5098.08,505.83060296477294
1387,2023-01-22,293,Consumer,Female,46,South,Furniture,Product B,3,770,0.04,UPI,2217.6,412.11765539784307
1388,2023-01-23,437,Corporate,Male,24,North,Furniture,Product A,1,1927,0.16,Card,1618.6799999999998,363.63450201851225
1389,2023-01-24,403,Corporate,Female,45,South,Electronics,Product B,4,791,0.23,Cash,2436.28,303.4973058462334
1390,2023-01-25,417,Home Office,Female,26,West,Clothing,Product C,5,4716,0.08,Cash,21693.600000000002,4735.879780541758
1391,2023-01-26,238,Corporate,Male,45,West,Electronics,Product C,2,2460,0.05,Net Banking,4674.0,636.6754970527669
1392,2023-01-27,299,Consumer,Male,23,North,Electronics,Product A,3,3147,0.1,Cash,8496.9,1106.8672749843026
1393,2023-01-28,488,Consumer,Male,46,West,Furniture,Product B,3,547,0.17,UPI,1362.03,75.81722494195562
1394,2023-01-29,453,Corporate,Male,34,East,Clothing,Product A,4,365,0.17,Cash,1211.8,229.09779453540557
1395,2023-01-30,421,Home Office,Female,33,East,Furniture,Product B,1,4643,0.04,Cash,4457.28,942.716971027868
1396,2023-01-31,222,Home Office,Male,40,East,Electronics,Product B,5,3096,0.14,UPI,13312.8,2432.400111739842
1397,2023-02-01,449,Consumer,Male,48,East,Furniture,Product B,4,4693,0.08,Card,17270.24,1386.31999143344
1398,2023-02-02,209,Home Office,Male,20,East,Clothing,Product C,2,782,0.25,Net Banking,1173.0,82.88264748785008
1399,2023-02-03,445,Corporate,Female,38,West,Furniture,Product B,2,3706,0.09,Net Banking,6744.92,1110.023290193384
1400,2023-02-04,299,Corporate,Male,43,North,Clothing,Product C,2,4603,0.25,Card,6904.5,899.6787954035169
1401,2023-02-05,489,Consumer,Male,53,North,Clothing,Product B,4,3238,0.13,UPI,11268.24,1530.4473615567322
1402,2023-02-06,379,Corporate,Female,59,East,Furniture,Product C,5,3045,0.22,Net Banking,11875.5,2892.3973660393176
1403,2023-02-07,422,Consumer,Female,54,West,Electronics,Product C,3,2966,0.15,Card,7563.3,1473.2138678069023
1404,2023-02-08,449,Corporate,Male,39,South,Furniture,Product C,1,4394,0.19,Card,3559.1400000000003,471.0790428247791
1405,2023-02-09,346,Consumer,Male,59,South,Electronics,Product A,3,1465,0.12,Card,3867.6,208.1536749431633
1406,2023-02-10,295,Home Office,Male,29,West,Electronics,Product B,5,4453,0.23,Net Banking,17144.05,974.1101697562716
1407,2023-02-11,456,Corporate,Male,59,East,Furniture,Product A,3,4849,0.13,Net Banking,12655.89,2366.1545487374874
1408,2023-02-12,203,Corporate,Male,30,North,Electronics,Product B,4,4946,0.14,Net Banking,17014.239999999998,3701.409662347504
1409,2023-02-13,215,Consumer,Female,28,West,Electronics,Product B,2,3167,0.16,Net Banking,5320.5599999999995,1019.102860535373
1410,2023-02-14,479,Consumer,Female,33,South,Furniture,Product A,5,2474,0.25,Cash,9277.5,1216.999724958068
1411,2023-02-15,446,Corporate,Male,25,South,Furniture,Product C,5,2670,0.2,Card,10680.0,600.5059362196965
1412,2023-02-16,457,Consumer,Male,57,South,Furniture,Product B,3,2490,0.1,Cash,6723.0,1636.91823201429
1413,2023-02-17,359,Corporate,Female,57,East,Electronics,Product C,4,2777,0.2,Card,8886.4,2197.3153565523244
1414,2023-02-18,351,Home Office,Male,62,South,Clothing,Product A,3,3860,0.19,Net Banking,9379.800000000001,1499.5759239273907
1415,2023-02-19,377,Consumer,Male,19,West,Electronics,Product C,3,1268,0.28,Net Banking,2738.88,175.65585835682617
1416,2023-02-20,362,Corporate,Male,47,West,Clothing,Product B,5,2936,0.25,Cash,11010.0,1741.7214580236562
1417,2023-02-21,232,Home Office,Male,47,South,Furniture,Product B,3,2150,0.19,UPI,5224.5,1193.6294675337226
1418,2023-02-22,378,Home Office,Male,29,West,Clothing,Product B,2,291,0.1,Net Banking,523.8000000000001,97.42528204103168
1419,2023-02-23,300,Corporate,Female,27,South,Furniture,Product A,3,3293,0.23,UPI,7606.83,1475.7086364593317
1420,2023-02-24,467,Consumer,Male,61,South,Furniture,Product B,2,2419,0.17,Card,4015.54,269.0169562005389
1421,2023-02-25,264,Corporate,Male,28,North,Clothing,Product A,5,1587,0.3,Cash,5554.5,396.04877757862823
1422,2023-02-26,367,Home Office,Male,32,East,Furniture,Product C,4,4474,0.07,UPI,16643.28,1256.0642685762489
1423,2023-02-27,242,Corporate,Female,33,East,Clothing,Product B,2,2485,0.02,UPI,4870.6,1124.5015612058464
1424,2023-02-28,243,Consumer,Female,34,North,Furniture,Product B,4,3406,0.02,Net Banking,13351.52,2071.754387113806
1425,2023-03-01,484,Home Office,Female,43,North,Electronics,Product B,4,3124,0.19,UPI,10121.76,2108.5146295333448
1426,2023-03-02,211,Corporate,Female,19,East,Electronics,Product C,2,479,0.28,UPI,689.76,50.39265988346243
1427,2023-03-03,294,Consumer,Male,29,South,Furniture,Product B,5,1818,0.0,Card,9090.0,2140.954438614626
1428,2023-03-04,452,Home Office,Female,43,South,Furniture,Product A,1,2987,0.22,Cash,2329.86,499.1222226591381
1429,2023-03-05,441,Consumer,Male,40,East,Clothing,Product C,4,570,0.2,Net Banking,1824.0,173.19396001404994
1430,2023-03-06,234,Home Office,Male,35,South,Electronics,Product C,4,3383,0.22,Net Banking,10554.960000000001,2373.1397010256696
1431,2023-03-07,414,Corporate,Female,49,North,Clothing,Product C,5,4034,0.11,UPI,17951.3,1843.3930013519885
1432,2023-03-08,289,Consumer,Female,55,South,Furniture,Product C,5,1903,0.25,Card,7136.25,649.8838427866684
1433,2023-03-09,463,Home Office,Female,64,South,Furniture,Product C,3,2468,0.01,UPI,7329.96,753.8774974152088
1434,2023-03-10,292,Consumer,Female,20,West,Clothing,Product A,5,503,0.23,UPI,1936.55,449.2621955561143
1435,2023-03-11,289,Consumer,Female,55,West,Furniture,Product C,4,3974,0.08,Net Banking,14624.320000000002,3409.1980371209643
1436,2023-03-12,314,Corporate,Male,20,West,Electronics,Product B,2,1548,0.14,UPI,2662.56,308.32219797063965
1437,2023-03-13,304,Consumer,Female,47,South,Clothing,Product C,1,2622,0.25,UPI,1966.5,375.77226499768705
1438,2023-03-14,395,Home Office,Female,18,East,Electronics,Product C,3,3828,0.08,Card,10565.28,1956.151565896209
1439,2023-03-15,313,Home Office,Female,47,North,Electronics,Product C,2,2628,0.06,Net Banking,4940.639999999999,1044.0191205617512
1440,2023-03-16,274,Home Office,Male,62,South,Electronics,Product C,1,3233,0.2,Cash,2586.4,282.6984342335216
1441,2023-03-17,416,Home Office,Female,49,East,Clothing,Product C,1,868,0.16,Card,729.12,110.84644273554245
1442,2023-03-18,476,Corporate,Male,45,South,Furniture,Product A,1,699,0.15,Card,594.15,109.04719559831472
1443,2023-03-19,448,Consumer,Female,38,North,Electronics,Product A,2,1614,0.08,Card,2969.76,164.08329004578133
1444,2023-03-20,363,Corporate,Female,63,South,Electronics,Product C,3,729,0.01,Net Banking,2165.13,271.39417193568204
1445,2023-03-21,391,Consumer,Male,30,North,Electronics,Product A,3,3821,0.12,UPI,10087.44,1908.318410956221
1446,2023-03-22,426,Consumer,Female,44,South,Furniture,Product B,1,3656,0.03,Cash,3546.3199999999997,356.472606126049
1447,2023-03-23,376,Consumer,Male,53,North,Furniture,Product C,2,954,0.27,Net Banking,1392.84,336.42771768058316
1448,2023-03-24,298,Corporate,Male,24,South,Clothing,Product B,1,2547,0.01,UPI,2521.53,141.28706061912794
1449,2023-03-25,235,Consumer,Male,39,North,Furniture,Product B,5,926,0.13,Card,4028.1,973.2592000641797
1450,2023-03-26,295,Corporate,Female,27,West,Clothing,Product C,3,2849,0.02,Net Banking,8376.06,781.9284328574382
1451,2023-03-27,351,Home Office,Female,56,South,Clothing,Product B,4,2246,0.03,UPI,8714.48,520.8157415835597
1452,2023-03-28,350,Home Office,Female,32,South,Clothing,Product B,1,3015,0.2,Cash,2412.0,261.68947362704415
1453,2023-03-29,389,Consumer,Male,32,East,Clothing,Product B,5,1074,0.19,Cash,4349.700000000001,901.5034304040587
1454,2023-03-30,423,Corporate,Female,21,East,Clothing,Product C,3,3479,0.01,UPI,10332.63,2071.5724698170698
1455,2023-03-31,236,Home Office,Male,49,North,Electronics,Product C,2,3184,0.0,Net Banking,6368.0,584.379154356068
1456,2023-04-01,467,Corporate,Female,40,South,Furniture,Product B,3,2378,0.02,Card,6991.32,624.7305593566039
1457,2023-04-02,382,Corporate,Male,23,North,Electronics,Product C,2,4007,0.23,UPI,6170.78,1101.5828585696688
1458,2023-04-03,212,Consumer,Male,41,West,Clothing,Product C,2,807,0.18,Card,1323.48,187.42665562640718
1459,2023-04-04,478,Home Office,Male,37,East,Furniture,Product B,1,834,0.01,Cash,825.66,172.11542457343856
1460,2023-04-05,416,Consumer,Female,54,North,Electronics,Product C,1,4779,0.15,UPI,4062.15,222.71369339319133
1461,2023-04-06,485,Consumer,Male,37,North,Electronics,Product A,3,2927,0.21,Cash,6936.990000000001,1193.733694795495
1462,2023-04-07,472,Home Office,Male,29,East,Clothing,Product C,5,1274,0.26,Card,4713.8,924.5383462592655
1463,2023-04-08,261,Home Office,Male,50,South,Electronics,Product A,3,2114,0.28,Card,4566.24,1135.5198800379578
1464,2023-04-09,283,Corporate,Male,45,North,Electronics,Product B,4,788,0.1,UPI,2836.8,526.9535820422175
1465,2023-04-10,416,Home Office,Male,25,East,Electronics,Product C,2,3431,0.04,UPI,6587.5199999999995,634.8329211352068
1466,2023-04-11,386,Corporate,Male,18,South,Electronics,Product B,2,2504,0.07,UPI,4657.44,333.64614229641757
1467,2023-04-12,218,Corporate,Female,54,West,Electronics,Product B,1,4038,0.23,Cash,3109.26,554.0183781459676
1468,2023-04-13,376,Corporate,Female,39,East,Clothing,Product B,5,2173,0.29,Card,7714.15,1192.8900320591292
1469,2023-04-14,299,Home Office,Male,23,North,Clothing,Product B,1,2255,0.14,Card,1939.3,445.7074915762841
1470,2023-04-15,432,Consumer,Female,38,West,Electronics,Product B,4,3680,0.09,Cash,13395.2,2616.371953065483
1471,2023-04-16,275,Corporate,Female,49,South,Clothing,Product C,3,2279,0.13,UPI,5948.19,903.818488783803
1472,2023-04-17,464,Consumer,Male,52,South,Clothing,Product A,3,3252,0.09,Net Banking,8877.960000000001,1160.5082355748302
1473,2023-04-18,483,Consumer,Male,32,East,Furniture,Product C,5,4682,0.08,UPI,21537.2,2818.679755919334
1474,2023-04-19,405,Home Office,Male,22,East,Electronics,Product C,1,1451,0.18,Net Banking,1189.8200000000002,113.3432731496924
1475,2023-04-20,422,Consumer,Female,63,East,Clothing,Product C,1,3995,0.0,Net Banking,3995.0,213.59345143280197
1476,2023-04-21,251,Consumer,Male,23,South,Clothing,Product C,4,4022,0.08,Cash,14800.960000000001,2441.8937239259703
1477,2023-04-22,343,Home Office,Female,42,West,Electronics,Product A,3,4502,0.2,Card,10804.800000000001,999.2597403933673
1478,2023-04-23,268,Corporate,Male,63,South,Furniture,Product C,1,3589,0.01,Card,3553.11,325.69719092973634
1479,2023-04-24,298,Consumer,Female,57,North,Electronics,Product B,5,1980,0.02,Card,9702.0,728.3897361238428
1480,2023-04-25,224,Home Office,Male,46,South,Furniture,Product C,3,2804,0.09,Card,7654.92,673.0136619326738
1481,2023-04-26,252,Consumer,Male,24,North,Electronics,Product C,4,3888,0.26,Cash,11508.48,648.5929583744621
1482,2023-04-27,350,Consumer,Female,57,West,Electronics,Product A,5,1924,0.23,Net Banking,7407.400000000001,1369.2304081734555
1483,2023-04-28,343,Corporate,Female,30,East,Electronics,Product A,2,2984,0.01,Card,5908.32,769.7325220505236
1484,2023-04-29,256,Consumer,Female,55,East,Electronics,Product B,4,3919,0.15,Net Banking,13324.6,2162.64813376253
1485,2023-04-30,238,Home Office,Female,35,South,Furniture,Product C,5,1877,0.08,Cash,8634.2,1531.633893103038
1486,2023-05-01,308,Consumer,Female,19,East,Furniture,Product C,1,648,0.19,UPI,524.88,128.33153940950208
1487,2023-05-02,380,Corporate,Female,25,West,Clothing,Product C,2,4887,0.22,Cash,7623.72,485.27396936798
1488,2023-05-03,241,Corporate,Male,28,East,Electronics,Product B,4,281,0.26,Card,831.76,111.10944270707938
1489,2023-05-04,385,Home Office,Female,50,South,Furniture,Product A,1,1606,0.14,UPI,1381.16,136.98287797388693
1490,2023-05-05,422,Corporate,Male,55,West,Furniture,Product B,2,1680,0.3,Cash,2352.0,341.84529274544536
1491,2023-05-06,321,Consumer,Male,44,North,Furniture,Product C,3,1279,0.29,Cash,2724.27,637.7365148786794
1492,2023-05-07,332,Corporate,Female,37,South,Electronics,Product A,1,3798,0.26,Net Banking,2810.52,547.4804514330469
1493,2023-05-08,362,Home Office,Male,29,North,Clothing,Product A,5,4714,0.17,Cash,19563.1,3568.1121910529605
1494,2023-05-09,414,Corporate,Female,60,West,Furniture,Product B,4,4383,0.12,UPI,15428.16,2132.930396184087
1495,2023-05-10,420,Corporate,Female,48,South,Electronics,Product A,2,3880,0.11,Cash,6906.400000000001,1272.314271754641
1496,2023-05-11,434,Corporate,Male,44,South,Furniture,Product A,1,2903,0.0,Card,2903.0,163.94714404552133
1497,2023-05-12,345,Home Office,Male,49,West,Furniture,Product C,3,4510,0.07,Net Banking,12582.9,2104.461517256992
1498,2023-05-13,438,Corporate,Female,27,East,Clothing,Product C,4,3956,0.22,UPI,12342.720000000001,1984.1578109449988
1499,2023-05-14,275,Corporate,Female,20,South,Furniture,Product A,4,1958,0.18,UPI,6422.240000000001,766.3536095542593
1500,2023-05-15,208,Consumer,Male,62,South,Furniture,Product A,1,2799,0.27,Cash,2043.27,184.5130534110636
1501,2023-05-16,273,Home Office,Male,44,North,Electronics,Product B,3,2750,0.02,Card,8085.0,1710.0673259658697
1502,2023-05-17,452,Corporate,Male,52,East,Electronics,Product B,2,4053,0.05,Net Banking,7700.7,467.9901969568723
1503,2023-05-18,429,Home Office,Male,48,North,Clothing,Product A,1,2946,0.24,UPI,2238.96,143.14695130596724
1504,2023-05-19,206,Corporate,Female,32,North,Electronics,Product C,2,2492,0.11,Net Banking,4435.76,612.5977462190236
1505,2023-05-20,373,Corporate,Female,33,East,Electronics,Product A,4,1701,0.04,Cash,6531.84,656.5211789890847
1506,2023-05-21,340,Corporate,Female,30,East,Clothing,Product A,2,4604,0.3,Card,6445.599999999999,1283.2576153001703
1507,2023-05-22,367,Consumer,Female,52,West,Furniture,Product C,3,430,0.24,Cash,980.4,173.37199028270715
1508,2023-05-23,369,Consumer,Male,28,East,Clothing,Product C,5,4450,0.12,Net Banking,19580.0,4004.246261631889
1509,2023-05-24,482,Consumer,Male,38,South,Electronics,Product B,3,1398,0.25,Cash,3145.5,361.53053143211065
1510,2023-05-25,321,Home Office,Female,28,East,Clothing,Product B,2,314,0.2,Net Banking,502.40000000000003,99.52734305280332
1511,2023-05-26,393,Home Office,Female,47,West,Furniture,Product B,1,1613,0.24,UPI,1225.88,272.71005819600845
1512,2023-05-27,204,Consumer,Female,52,West,Clothing,Product B,4,4606,0.24,UPI,14002.24,1667.0352673455004
1513,2023-05-28,228,Home Office,Female,39,West,Electronics,Product C,5,1192,0.03,Cash,5781.2,682.0611442601582
1514,2023-05-29,364,Corporate,Female,55,East,Electronics,Product A,1,2547,0.19,UPI,2063.07,474.4860485714462
1515,2023-05-30,335,Corporate,Female,48,East,Clothing,Product B,1,1241,0.0,Net Banking,1241.0,74.40794084118941
1516,2023-05-31,344,Corporate,Female,31,North,Furniture,Product B,3,211,0.01,UPI,626.67,75.22413897786964
1517,2023-06-01,416,Consumer,Female,41,North,Clothing,Product C,2,3876,0.27,Card,5658.96,417.2605771469313
1518,2023-06-02,331,Home Office,Female,49,South,Furniture,Product C,3,3265,0.16,Card,8227.8,459.0793000917509
1519,2023-06-03,491,Consumer,Male,53,North,Furniture,Product A,2,2236,0.22,Cash,3488.1600000000003,253.14931757178786
1520,2023-06-04,269,Home Office,Female,49,South,Clothing,Product A,3,3246,0.25,Cash,7303.5,995.0957271770304
1521,2023-06-05,451,Corporate,Male,32,West,Furniture,Product C,1,2550,0.28,Cash,1836.0,344.0502686204448
1522,2023-06-06,474,Consumer,Male,60,North,Electronics,Product B,4,740,0.26,Cash,2190.4,236.24884449953515
1523,2023-06-07,381,Home Office,Female,52,East,Clothing,Product B,2,3060,0.14,Net Banking,5263.2,1157.56221558272
1524,2023-06-08,366,Home Office,Female,20,North,Furniture,Product B,5,276,0.1,Net Banking,1242.0,170.80372217860614
1525,2023-06-09,290,Corporate,Male,33,South,Electronics,Product A,5,3267,0.05,Card,15518.25,3780.9534903674153
1526,2023-06-10,401,Consumer,Male,22,North,Clothing,Product B,1,223,0.12,Net Banking,196.24,47.26070171432634
1527,2023-06-11,218,Consumer,Female,38,West,Electronics,Product B,3,875,0.11,UPI,2336.25,478.1258150410694
1528,2023-06-12,238,Consumer,Male,27,East,Electronics,Product C,3,2594,0.17,Card,6459.0599999999995,1527.4456087881551
1529,2023-06-13,325,Corporate,Female,36,South,Electronics,Product B,1,4467,0.2,Cash,3573.6000000000004,684.0557075538698
1530,2023-06-14,372,Consumer,Female,42,East,Furniture,Product C,5,3598,0.29,Cash,12772.9,2926.483905487672
1531,2023-06-15,340,Corporate,Female,21,East,Clothing,Product B,5,2959,0.22,Net Banking,11540.1,1122.791069155783
1532,2023-06-16,441,Corporate,Male,46,South,Clothing,Product A,3,688,0.19,Card,1671.8400000000001,199.08946149271583
1533,2023-06-17,419,Corporate,Male,36,East,Furniture,Product B,2,1685,0.1,Net Banking,3033.0,608.377378038549
1534,2023-06-18,325,Home Office,Female,60,East,Clothing,Product B,4,3859,0.01,Net Banking,15281.64,2061.6804000453703
1535,2023-06-19,257,Consumer,Male,19,North,Electronics,Product C,2,3435,0.09,Net Banking,6251.7,1359.5289836081477
1536,2023-06-20,347,Consumer,Male,27,East,Clothing,Product C,5,2619,0.23,Card,10083.15,2274.030377610055
1537,2023-06-21,200,Corporate,Male,60,East,Furniture,Product C,2,3695,0.06,Cash,6946.599999999999,763.7501677124753
1538,2023-06-22,389,Corporate,Male,42,East,Electronics,Product B,4,956,0.21,UPI,3020.96,648.5703907016748
1539,2023-06-23,390,Consumer,Male,37,East,Furniture,Product B,2,2724,0.17,Cash,4521.84,365.60367029464766
1540,2023-06-24,316,Corporate,Male,36,South,Electronics,Product A,2,4450,0.05,Card,8455.0,987.8766392088118
1541,2023-06-25,333,Consumer,Male,40,West,Electronics,Product B,2,456,0.08,Cash,839.0400000000001,128.87066251777807
1542,2023-06-26,257,Home Office,Female,41,North,Clothing,Product A,2,1979,0.15,Cash,3364.2999999999997,320.57994976922487
1543,2023-06-27,243,Corporate,Male,28,East,Electronics,Product C,1,4969,0.13,UPI,4323.03,716.9899410576948
1544,2023-06-28,372,Consumer,Male,63,East,Furniture,Product C,5,2315,0.23,Cash,8912.75,1477.190412568141
1545,2023-06-29,359,Corporate,Male,51,South,Clothing,Product C,4,3548,0.22,Cash,11069.76,1011.5610778609525
1546,2023-06-30,372,Consumer,Male,45,West,Furniture,Product A,5,4968,0.17,Cash,20617.2,4311.639347154488
1547,2023-07-01,348,Consumer,Male,22,East,Electronics,Product B,1,1672,0.25,Net Banking,1254.0,221.11643794440343
1548,2023-07-02,279,Corporate,Male,22,South,Furniture,Product C,1,458,0.17,Card,380.14,43.16569581288763
1549,2023-07-03,412,Home Office,Male,38,North,Furniture,Product B,1,4275,0.29,Card,3035.25,292.7102728056407
1550,2023-07-04,402,Consumer,Male,29,North,Electronics,Product B,1,506,0.07,UPI,470.58,106.2334480665472
1551,2023-07-05,451,Consumer,Female,21,East,Clothing,Product C,2,1318,0.21,Net Banking,2082.44,452.19861622912515
1552,2023-07-06,428,Consumer,Male,59,East,Furniture,Product A,5,3217,0.11,Net Banking,14315.65,1373.617180999103
1553,2023-07-07,363,Home Office,Male,37,West,Electronics,Product B,3,4541,0.08,Cash,12533.16,715.9072001535294
1554,2023-07-08,426,Home Office,Male,55,West,Clothing,Product C,4,2980,0.05,Card,11324.0,2388.305422839027
1555,2023-07-09,346,Corporate,Male,42,East,Clothing,Product B,1,1858,0.17,UPI,1542.1399999999999,266.9470726832867
1556,2023-07-10,219,Home Office,Female,31,South,Clothing,Product B,5,386,0.06,Net Banking,1814.1999999999998,127.3140350589173
1557,2023-07-11,246,Corporate,Female,28,West,Furniture,Product B,1,1997,0.06,Cash,1877.1799999999998,314.3744155099971
1558,2023-07-12,432,Corporate,Female,49,East,Furniture,Product B,1,1124,0.3,UPI,786.8,110.4954673685162
1559,2023-07-13,213,Home Office,Female,28,West,Furniture,Product B,1,984,0.24,Net Banking,747.84,153.23994337958513
1560,2023-07-14,342,Corporate,Female,35,East,Clothing,Product A,1,3644,0.22,UPI,2842.32,260.97320571292033
1561,2023-07-15,200,Home Office,Female,44,North,Furniture,Product A,1,3396,0.24,Net Banking,2580.96,362.96388615630025
1562,2023-07-16,253,Corporate,Female,35,East,Electronics,Product C,4,1560,0.29,UPI,4430.4,359.9647847563384
1563,2023-07-17,458,Home Office,Female,40,North,Furniture,Product A,5,540,0.17,Net Banking,2241.0,541.2137035048215
1564,2023-07-18,343,Home Office,Female,28,West,Furniture,Product A,1,762,0.07,Net Banking,708.66,145.80511645731735
1565,2023-07-19,211,Corporate,Female,38,East,Clothing,Product A,1,4946,0.26,UPI,3660.04,722.2887099784343
1566,2023-07-20,423,Consumer,Female,61,West,Furniture,Product B,1,3199,0.22,Net Banking,2495.2200000000003,469.20449493864123
1567,2023-07-21,471,Corporate,Female,22,North,Electronics,Product B,1,1393,0.12,Net Banking,1225.84,165.08054892659788
1568,2023-07-22,355,Home Office,Female,40,East,Clothing,Product C,2,3310,0.14,Net Banking,5693.2,1335.946289816229
1569,2023-07-23,207,Consumer,Female,58,West,Electronics,Product C,2,268,0.12,UPI,471.68,30.462699237145983
1570,2023-07-24,321,Corporate,Female,42,North,Clothing,Product C,3,2628,0.28,UPI,5676.48,1195.7608110408273
1571,2023-07-25,363,Corporate,Female,58,West,Clothing,Product B,1,3798,0.1,Net Banking,3418.2000000000003,318.0517049767631
1572,2023-07-26,289,Corporate,Male,27,South,Furniture,Product A,3,2572,0.29,Net Banking,5478.36,628.9463582052495
1573,2023-07-27,335,Consumer,Female,39,North,Electronics,Product A,4,4756,0.27,UPI,13887.52,2137.0941499256146
1574,2023-07-28,385,Home Office,Male,36,North,Clothing,Product B,3,1043,0.19,Cash,2534.4900000000002,523.4507597940512
1575,2023-07-29,377,Corporate,Female,18,North,Furniture,Product C,5,773,0.17,Net Banking,3207.95,698.393111401561
1576,2023-07-30,227,Corporate,Female,24,East,Clothing,Product C,2,4414,0.11,Cash,7856.92,1310.1135181856177
1577,2023-07-31,419,Corporate,Male,21,East,Clothing,Product C,2,2796,0.01,UPI,5536.08,723.0513419163065
1578,2023-08-01,240,Corporate,Female,18,East,Clothing,Product B,1,4941,0.04,Net Banking,4743.36,1135.0883451174261
1579,2023-08-02,427,Corporate,Male,32,South,Clothing,Product C,1,1678,0.23,Cash,1292.06,128.30706110044284
1580,2023-08-03,391,Home Office,Male,57,South,Clothing,Product C,4,2273,0.14,UPI,7819.12,1646.8545720319587
1581,2023-08-04,344,Home Office,Male,29,North,Clothing,Product B,4,1713,0.04,Cash,6577.92,1134.0986891832472
1582,2023-08-05,400,Corporate,Female,39,South,Furniture,Product A,5,1168,0.08,Card,5372.8,673.6363093441754
1583,2023-08-06,411,Consumer,Female,39,West,Clothing,Product B,1,2396,0.28,UPI,1725.12,86.72798743704492
1584,2023-08-07,419,Home Office,Female,64,North,Electronics,Product B,1,1711,0.11,Card,1522.79,212.1548900201351
1585,2023-08-08,439,Consumer,Male,34,North,Furniture,Product B,4,854,0.27,UPI,2493.68,262.69422469425615
1586,2023-08-09,245,Home Office,Male,46,West,Electronics,Product B,4,3192,0.09,UPI,11618.880000000001,823.4221557272181
1587,2023-08-10,234,Corporate,Female,63,North,Clothing,Product A,4,4850,0.16,Net Banking,16296.0,1059.7567961498862
1588,2023-08-11,452,Home Office,Female,31,South,Electronics,Product C,2,4720,0.01,Card,9345.6,1116.9082207446615
1589,2023-08-12,281,Corporate,Female,37,East,Clothing,Product B,3,492,0.16,Card,1239.84,214.43216017124112
1590,2023-08-13,455,Home Office,Female,50,West,Clothing,Product A,3,2801,0.19,Card,6806.43,1480.4248187356513
1591,2023-08-14,396,Corporate,Female,60,South,Furniture,Product C,1,4726,0.07,UPI,4395.179999999999,381.1177005855184
1592,2023-08-15,209,Corporate,Male,32,West,Furniture,Product C,2,4612,0.17,Card,7655.92,1033.0040545648758
1593,2023-08-16,485,Corporate,Male,29,West,Clothing,Product C,4,4693,0.19,Card,15205.320000000002,1952.2297073652542
1594,2023-08-17,441,Corporate,Male,57,North,Furniture,Product B,1,1788,0.21,Net Banking,1412.52,215.6618611774425
1595,2023-08-18,450,Consumer,Female,37,North,Electronics,Product B,2,795,0.23,Cash,1224.3,259.45053913042716
1596,2023-08-19,204,Corporate,Male,47,South,Furniture,Product C,5,2793,0.09,Cash,12708.15,2042.5687954233952
1597,2023-08-20,318,Consumer,Male,55,West,Furniture,Product C,2,2323,0.17,Card,3856.18,845.7797488698554
1598,2023-08-21,488,Consumer,Male,20,North,Electronics,Product C,1,2143,0.29,Card,1521.53,233.87491068232634
1599,2023-08-22,264,Corporate,Male,45,North,Furniture,Product C,3,1115,0.27,Card,2441.85,416.9934377335775
1600,2023-08-23,345,Consumer,Male,43,West,Clothing,Product C,4,4069,0.29,Card,11555.96,1588.674650983858
1601,2023-08-24,423,Home Office,Female,47,South,Electronics,Product C,5,2994,0.12,Cash,13173.6,2827.3063873165124
1602,2023-08-25,438,Corporate,Male,30,South,Clothing,Product A,2,3278,0.24,Net Banking,4982.56,1169.732897068853
1603,2023-08-26,376,Consumer,Female,30,West,Electronics,Product C,1,1175,0.19,UPI,951.7500000000001,169.24870090174082
1604,2023-08-27,466,Corporate,Female,19,South,Clothing,Product B,1,1275,0.02,Card,1249.5,267.5885340483087
1605,2023-08-28,481,Corporate,Female,54,North,Clothing,Product B,4,3189,0.25,Card,9567.0,591.2469792738785
1606,2023-08-29,262,Corporate,Female,55,West,Furniture,Product B,1,3667,0.2,Cash,2933.6000000000004,678.3138868087831
1607,2023-08-30,416,Consumer,Female,19,North,Clothing,Product C,1,1651,0.06,Card,1551.9399999999998,136.23707364606219
1608,2023-08-31,482,Home Office,Male,53,East,Furniture,Product B,4,4023,0.02,Net Banking,15770.16,1597.5816364392726
1609,2023-09-01,376,Home Office,Male,43,East,Electronics,Product A,5,4132,0.25,Net Banking,15495.0,940.0198813727067
1610,2023-09-02,297,Consumer,Female,28,South,Clothing,Product C,3,2228,0.02,Card,6550.32,1592.2519388435037
1611,2023-09-03,304,Corporate,Female,25,East,Clothing,Product B,3,562,0.03,Cash,1635.4199999999998,360.45011669405613
1612,2023-09-04,298,Consumer,Female,61,North,Electronics,Product A,2,2629,0.13,Card,4574.46,1064.1882888061
1613,2023-09-05,205,Consumer,Male,57,East,Electronics,Product A,5,3832,0.04,Card,18393.6,4036.351060662122
1614,2023-09-06,396,Consumer,Female,60,North,Clothing,Product B,2,2518,0.27,Cash,3676.2799999999997,536.3917160716439
1615,2023-09-07,332,Corporate,Male,39,South,Electronics,Product A,3,3285,0.14,Net Banking,8475.3,1990.1393231998893
1616,2023-09-08,458,Consumer,Female,37,South,Furniture,Product B,4,2545,0.17,UPI,8449.4,2060.762729783497
1617,2023-09-09,222,Corporate,Male,25,North,Electronics,Product A,1,3798,0.28,Card,2734.56,411.58791040984295
1618,2023-09-10,252,Consumer,Female,46,East,Electronics,Product C,3,4529,0.16,Net Banking,11413.08,971.5379358577072
1619,2023-09-11,364,Home Office,Male,57,South,Clothing,Product C,5,1931,0.11,Card,8592.95,1561.5495576788846
1620,2023-09-12,401,Consumer,Female,43,West,Furniture,Product C,3,226,0.24,UPI,515.28,126.28876839914957
1621,2023-09-13,282,Consumer,Male,47,South,Electronics,Product C,5,292,0.13,Cash,1270.2,285.0701882785486
1622,2023-09-14,344,Home Office,Male,34,East,Furniture,Product C,5,2864,0.1,Net Banking,12888.0,2865.814798033691
1623,2023-09-15,284,Corporate,Male,37,West,Furniture,Product B,5,508,0.22,UPI,1981.2,469.0760509797174
1624,2023-09-16,277,Corporate,Male,33,East,Furniture,Product C,2,251,0.24,Card,381.52,87.28813328920155
1625,2023-09-17,200,Consumer,Male,63,North,Clothing,Product C,4,518,0.24,UPI,1574.72,323.22125239257724
1626,2023-09-18,250,Home Office,Male,60,West,Electronics,Product C,3,2192,0.29,Net Banking,4668.96,904.165424490057
1627,2023-09-19,372,Corporate,Male,24,East,Clothing,Product C,4,4476,0.24,Cash,13607.04,1400.8915047663645
1628,2023-09-20,404,Consumer,Female,33,West,Electronics,Product A,1,4091,0.23,Card,3150.07,548.956412260223
1629,2023-09-21,459,Home Office,Female,62,East,Electronics,Product C,3,4942,0.26,Cash,10971.24,1692.8373652009045
1630,2023-09-22,487,Corporate,Female,64,West,Clothing,Product C,4,4156,0.0,Cash,16624.0,3696.9917156884794
1631,2023-09-23,233,Corporate,Female,44,East,Furniture,Product B,4,2892,0.11,UPI,10295.52,1527.2633269237012
1632,2023-09-24,294,Home Office,Female,40,North,Furniture,Product A,1,3218,0.22,UPI,2510.04,189.6298892405383
1633,2023-09-25,271,Home Office,Male,41,West,Electronics,Product B,5,2224,0.18,Net Banking,9118.400000000001,464.98822203266184
1634,2023-09-26,238,Home Office,Male,26,West,Clothing,Product C,3,4631,0.05,Net Banking,13198.349999999999,2449.278839907521
1635,2023-09-27,353,Home Office,Male,52,West,Furniture,Product B,3,1725,0.09,Cash,4709.25,753.393714415717
1636,2023-09-28,449,Consumer,Male,37,West,Furniture,Product B,1,1478,0.1,Net Banking,1330.2,154.5593710755216
1637,2023-09-29,361,Home Office,Male,54,North,Electronics,Product C,5,713,0.17,Cash,2958.95,247.94352867092314
1638,2023-09-30,317,Corporate,Female,59,West,Electronics,Product A,3,4537,0.25,Card,10208.25,1463.2818379859268
1639,2023-10-01,458,Corporate,Female,34,South,Clothing,Product A,3,1933,0.28,Cash,4175.28,292.508820562345
1640,2023-10-02,467,Consumer,Female,64,North,Electronics,Product B,3,3570,0.23,Net Banking,8246.7,966.6921756120004
1641,2023-10-03,253,Corporate,Female,48,South,Furniture,Product C,5,4121,0.25,Net Banking,15453.75,1944.736699197787
1642,2023-10-04,435,Corporate,Male,25,West,Furniture,Product B,1,2700,0.14,Cash,2322.0,332.33332188274966
1643,2023-10-05,421,Home Office,Male,32,East,Furniture,Product B,3,3664,0.12,UPI,9672.960000000001,1386.3687725741227
1644,2023-10-06,450,Corporate,Male,48,South,Furniture,Product B,4,2459,0.12,Cash,8655.68,877.6957216214865
1645,2023-10-07,311,Consumer,Female,47,West,Clothing,Product C,5,4963,0.18,Cash,20348.300000000003,4477.484623386345
1646,2023-10-08,454,Home Office,Male,63,South,Clothing,Product C,2,4889,0.04,UPI,9386.88,1136.832845602264
1647,2023-10-09,406,Home Office,Female,37,West,Electronics,Product A,1,2859,0.17,Card,2372.97,227.60925927653489
1648,2023-10-10,428,Consumer,Male,56,West,Electronics,Product C,4,455,0.2,UPI,1456.0,123.9958380491639
1649,2023-10-11,265,Home Office,Male,29,West,Electronics,Product B,3,1702,0.13,Net Banking,4442.22,508.7038391261215
1650,2023-10-12,274,Home Office,Female,34,East,Clothing,Product B,2,4856,0.29,UPI,6895.5199999999995,437.93845112584955
1651,2023-10-13,302,Consumer,Male,59,South,Furniture,Product A,1,2310,0.18,Net Banking,1894.2,107.17668600611131
1652,2023-10-14,391,Home Office,Male,47,North,Electronics,Product C,5,606,0.07,Net Banking,2817.8999999999996,481.9410392741601
1653,2023-10-15,451,Consumer,Female,46,North,Furniture,Product B,2,3049,0.14,Cash,5244.28,911.6101885280093
1654,2023-10-16,425,Consumer,Male,36,North,Electronics,Product A,2,3376,0.2,Cash,5401.6,842.2047270741972
1655,2023-10-17,493,Corporate,Female,63,North,Electronics,Product A,4,2060,0.1,Card,7416.0,1501.4214015676937
1656,2023-10-18,297,Corporate,Male,28,West,Electronics,Product B,1,4554,0.02,Net Banking,4462.92,258.0911494130114
1657,2023-10-19,485,Home Office,Male,51,South,Electronics,Product B,4,922,0.18,Cash,3024.1600000000003,717.3144869845488
1658,2023-10-20,448,Home Office,Male,24,South,Electronics,Product C,4,1482,0.28,Net Banking,4268.16,294.5586312961711
1659,2023-10-21,365,Consumer,Male,61,East,Furniture,Product A,3,813,0.15,Card,2073.15,383.1276541654158
1660,2023-10-22,229,Home Office,Male,51,South,Electronics,Product B,5,3531,0.27,Net Banking,12888.15,988.2545495514984
1661,2023-10-23,446,Consumer,Male,37,South,Furniture,Product A,2,3316,0.25,Card,4974.0,1124.0299250545918
1662,2023-10-24,305,Consumer,Male,55,South,Clothing,Product C,1,2178,0.04,Card,2090.88,318.1120394815254
1663,2023-10-25,250,Home Office,Male,41,East,Electronics,Product B,5,1012,0.21,Card,3997.4,265.66204017305154
1664,2023-10-26,280,Consumer,Female,27,North,Furniture,Product C,5,1986,0.13,Cash,8639.1,1497.543256405441
1665,2023-10-27,332,Corporate,Female,49,South,Clothing,Product A,1,530,0.08,UPI,487.6,25.26840172739231
1666,2023-10-28,484,Home Office,Male,32,East,Clothing,Product C,5,2412,0.21,UPI,9527.4,1955.064740574317
1667,2023-10-29,337,Corporate,Male,54,East,Clothing,Product C,3,1416,0.22,Cash,3313.44,596.8068636305463
1668,2023-10-30,383,Home Office,Female,37,West,Furniture,Product A,5,4682,0.05,Net Banking,22239.5,2057.708622693944
1669,2023-10-31,472,Consumer,Male,20,East,Electronics,Product C,3,3537,0.27,Cash,7746.03,967.8678678455013
1670,2023-11-01,268,Home Office,Male,54,North,Electronics,Product A,2,2575,0.23,Net Banking,3965.5,204.46648939913888
1671,2023-11-02,233,Corporate,Female,57,South,Furniture,Product B,2,1440,0.28,Card,2073.6,391.36455174485815
1672,2023-11-03,461,Consumer,Male,25,East,Electronics,Product A,4,519,0.1,Cash,1868.4,213.9946296246319
1673,2023-11-04,252,Home Office,Male,57,North,Furniture,Product A,3,4694,0.28,UPI,10139.039999999999,1666.0245751500097
1674,2023-11-05,404,Home Office,Female,61,East,Electronics,Product B,2,2114,0.11,Net Banking,3762.92,908.1639051263782
1675,2023-11-06,325,Home Office,Male,40,East,Clothing,Product A,5,4400,0.02,Cash,21560.0,2369.3004662299863
1676,2023-11-07,434,Corporate,Male,57,East,Electronics,Product B,1,4991,0.23,Cash,3843.07,953.26420103989
1677,2023-11-08,242,Corporate,Female,28,East,Furniture,Product B,1,529,0.21,Net Banking,417.91,73.78020395928444
1678,2023-11-09,439,Home Office,Male,63,East,Furniture,Product A,3,859,0.18,Card,2113.1400000000003,207.97044885491044
1679,2023-11-10,310,Consumer,Female,25,North,Clothing,Product C,4,3888,0.15,Card,13219.199999999999,1815.7308382469223
1680,2023-11-11,448,Consumer,Male,46,South,Furniture,Product C,5,3318,0.01,Card,16424.1,3253.4602254680626
1681,2023-11-12,350,Corporate,Male,47,South,Electronics,Product B,3,2172,0.19,Card,5277.96,735.1965075269991
1682,2023-11-13,382,Consumer,Female,27,South,Electronics,Product C,1,1993,0.13,Net Banking,1733.91,110.45269121783825
1683,2023-11-14,294,Corporate,Female,56,South,Clothing,Product C,3,3418,0.17,UPI,8510.82,712.5320826735539
1684,2023-11-15,207,Home Office,Male,45,North,Furniture,Product A,5,4757,0.13,Cash,20692.95,4309.50443772398
1685,2023-11-16,383,Corporate,Female,53,West,Clothing,Product B,2,2733,0.29,Cash,3880.8599999999997,697.292026926239
1686,2023-11-17,480,Corporate,Female,30,West,Electronics,Product B,5,2657,0.18,Card,10893.7,1786.186560482613
1687,2023-11-18,394,Home Office,Male,49,North,Clothing,Product A,2,3300,0.22,Net Banking,5148.0,429.9835810897612
1688,2023-11-19,394,Consumer,Male,53,North,Furniture,Product C,2,4566,0.28,UPI,6575.04,1430.4097426952592
1689,2023-11-20,354,Corporate,Male,54,East,Clothing,Product B,2,2933,0.18,UPI,4810.120000000001,1164.761043184603
1690,2023-11-21,292,Corporate,Female,43,East,Furniture,Product C,3,4680,0.0,Cash,14040.0,816.8109697538001
1691,2023-11-22,359,Home Office,Female,39,East,Furniture,Product B,1,4355,0.01,Card,4311.45,282.8586017461129
1692,2023-11-23,260,Consumer,Female,21,South,Electronics,Product B,3,419,0.21,Cash,993.0300000000001,225.36309470529247
1693,2023-11-24,321,Corporate,Female,48,East,Electronics,Product B,1,3018,0.08,Cash,2776.56,591.7139532910892
1694,2023-11-25,250,Home Office,Male,35,West,Electronics,Product B,5,2106,0.17,UPI,8739.9,1517.132069544631
1695,2023-11-26,476,Corporate,Female,55,South,Furniture,Product C,4,2811,0.06,Net Banking,10569.359999999999,2526.003496249945
1696,2023-11-27,204,Home Office,Male,41,East,Clothing,Product C,5,2793,0.08,UPI,12847.800000000001,2303.432155985132
1697,2023-11-28,291,Consumer,Female,40,South,Furniture,Product C,3,295,0.15,Cash,752.25,70.10748473350378
1698,2023-11-29,369,Consumer,Male,39,West,Electronics,Product C,3,1188,0.29,Card,2530.44,495.27913632523865
1699,2023-11-30,221,Consumer,Male,19,East,Electronics,Product A,1,1312,0.18,Card,1075.8400000000001,192.72820345822933
1700,2023-12-01,200,Consumer,Male,48,West,Clothing,Product B,3,2478,0.28,Net Banking,5352.48,1322.8597605229286
1701,2023-12-02,332,Corporate,Female,28,West,Electronics,Product B,2,445,0.29,Net Banking,631.9,58.627143163046185
1702,2023-12-03,432,Corporate,Male,45,West,Electronics,Product B,3,2358,0.06,Net Banking,6649.5599999999995,1127.6123514878566
1703,2023-12-04,211,Consumer,Male,63,East,Electronics,Product A,1,4529,0.09,Cash,4121.39,849.1444248846796
1704,2023-12-05,245,Consumer,Female,49,North,Clothing,Product C,1,3549,0.23,Cash,2732.73,321.9063515454199
1705,2023-12-06,233,Consumer,Male,22,East,Furniture,Product B,2,2925,0.26,Net Banking,4329.0,545.1765830464542
1706,2023-12-07,277,Corporate,Female,55,West,Electronics,Product C,1,4277,0.16,Card,3592.68,817.6234353050783
1707,2023-12-08,417,Consumer,Female,27,East,Clothing,Product C,4,2866,0.3,Card,8024.799999999999,1049.9566139770702
1708,2023-12-09,272,Consumer,Male,57,West,Electronics,Product A,5,3399,0.0,Card,16995.0,2973.2169635931937
1709,2023-12-10,481,Consumer,Male,63,North,Clothing,Product A,3,2954,0.09,Cash,8064.42,1837.4589642068167
1710,2023-12-11,448,Home Office,Female,41,South,Electronics,Product C,4,1617,0.19,UPI,5239.08,481.81365098761967
1711,2023-12-12,246,Consumer,Male,52,North,Clothing,Product B,3,854,0.14,Card,2203.32,542.8439769199248
1712,2023-12-13,320,Home Office,Female,61,North,Electronics,Product B,4,2642,0.03,Card,10250.96,1951.68751971769
1713,2023-12-14,413,Home Office,Female,40,South,Furniture,Product A,3,310,0.11,Card,827.7,123.51298524817477
1714,2023-12-15,438,Consumer,Female,34,East,Electronics,Product A,2,289,0.01,Net Banking,572.22,77.92727306658558
1715,2023-12-16,255,Home Office,Male,18,South,Clothing,Product A,1,962,0.19,Cash,779.22,187.69299914600867
1716,2023-12-17,306,Consumer,Female,48,East,Electronics,Product A,1,3372,0.27,Net Banking,2461.56,224.35880129078512
1717,2023-12-18,247,Corporate,Male,48,East,Furniture,Product A,2,2379,0.27,Net Banking,3473.3399999999997,390.18338466667024
1718,2023-12-19,260,Corporate,Male,59,West,Electronics,Product A,4,2704,0.21,UPI,8544.640000000001,953.2276581530042
1719,2023-12-20,225,Corporate,Male,59,West,Clothing,Product A,5,1664,0.14,Net Banking,7155.2,771.3396252584066
1720,2023-12-21,491,Corporate,Male,51,South,Clothing,Product B,4,297,0.15,UPI,1009.8,145.11594361176057
1721,2023-12-22,456,Home Office,Female,26,North,Furniture,Product A,1,492,0.04,Net Banking,472.32,117.0578270914126
1722,2023-12-23,207,Consumer,Male,39,South,Clothing,Product A,5,2039,0.1,Card,9175.5,2089.7875956009307
1723,2023-12-24,312,Consumer,Female,30,East,Electronics,Product B,3,1934,0.06,Cash,5453.88,630.4135183354374
1724,2023-12-25,452,Consumer,Female,42,West,Electronics,Product B,5,2819,0.25,Net Banking,10571.25,1422.6156421824437
1725,2023-12-26,379,Corporate,Male,35,South,Electronics,Product C,4,4947,0.27,UPI,14445.24,2656.4240113847823
1726,2023-12-27,406,Corporate,Female,29,South,Clothing,Product A,2,2396,0.16,Cash,4025.2799999999997,215.07206345489337
1727,2023-12-28,326,Consumer,Female,57,West,Electronics,Product A,3,3666,0.22,UPI,8578.44,1836.0497903630617
1728,2023-12-29,255,Corporate,Male,34,West,Electronics,Product A,4,2106,0.04,Card,8087.04,1827.3444162807573
1729,2023-12-30,413,Consumer,Female,32,West,Electronics,Product A,3,1921,0.18,Net Banking,4725.660000000001,1046.4504663808157
1730,2023-12-31,213,Consumer,Female,59,East,Furniture,Product C,5,3891,0.21,Cash,15369.45,1921.3484293035813
1731,2024-01-01,227,Consumer,Female,32,West,Clothing,Product B,1,2016,0.14,Card,1733.76,246.88725317755393
1732,2024-01-02,277,Consumer,Female,32,North,Clothing,Product B,4,452,0.07,Net Banking,1681.4399999999998,88.23804399637024
1733,2024-01-03,415,Consumer,Male,56,South,Clothing,Product A,2,4427,0.26,Net Banking,6551.96,850.9624689134846
1734,2024-01-04,353,Consumer,Female,30,West,Furniture,Product A,5,3719,0.22,UPI,14504.1,2060.8203348574852
1735,2024-01-05,213,Consumer,Female,34,West,Clothing,Product A,4,2107,0.27,UPI,6152.44,1423.6429839292462
1736,2024-01-06,386,Corporate,Female,49,East,Furniture,Product C,2,2110,0.25,Card,3165.0,724.1441974883376
1737,2024-01-07,206,Consumer,Female,26,East,Furniture,Product C,4,2721,0.3,UPI,7618.799999999999,1853.040062374593
1738,2024-01-08,202,Consumer,Male,57,South,Clothing,Product B,5,4049,0.06,Card,19030.3,4320.277679553626
1739,2024-01-09,310,Corporate,Female,37,North,Electronics,Product A,4,1258,0.03,Card,4881.04,252.05759814894307
1740,2024-01-10,437,Corporate,Male,43,South,Electronics,Product A,3,3738,0.1,Card,10092.6,1799.4315596496324
1741,2024-01-11,438,Corporate,Female,44,West,Clothing,Product A,5,2522,0.04,UPI,12105.6,770.4916193144343
1742,2024-01-12,473,Consumer,Male,38,North,Clothing,Product A,4,386,0.16,Cash,1296.96,135.55677713267718
1743,2024-01-13,493,Home Office,Male,35,North,Furniture,Product C,1,1148,0.19,Card,929.8800000000001,154.0453396984207
1744,2024-01-14,426,Home Office,Male,30,North,Clothing,Product B,4,2490,0.17,Cash,8266.8,1571.7068628022882
1745,2024-01-15,214,Corporate,Male,33,North,Furniture,Product B,3,4559,0.08,Net Banking,12582.84,2276.5680081981327
1746,2024-01-16,391,Home Office,Male,26,South,Clothing,Product C,2,4817,0.27,UPI,7032.82,420.6447334957708
1747,2024-01-17,318,Corporate,Female,29,East,Electronics,Product A,2,4830,0.01,UPI,9563.4,676.3310492482908
1748,2024-01-18,227,Consumer,Female,61,East,Electronics,Product B,2,409,0.1,Cash,736.2,55.7431223360007
1749,2024-01-19,401,Home Office,Female,55,West,Clothing,Product B,1,2293,0.22,Net Banking,1788.54,122.12665388553269
1750,2024-01-20,238,Consumer,Male,36,East,Furniture,Product C,3,3738,0.23,Net Banking,8634.78,739.5420066714958
1751,2024-01-21,472,Home Office,Female,24,East,Electronics,Product A,5,1763,0.12,Card,7757.2,1456.0074989524057
1752,2024-01-22,430,Consumer,Male,52,East,Furniture,Product B,2,225,0.01,UPI,445.5,96.30259907828052
1753,2024-01-23,285,Home Office,Male,35,East,Clothing,Product A,3,374,0.19,Net Banking,908.82,119.74864791530335
1754,2024-01-24,325,Consumer,Female,33,West,Clothing,Product B,4,1534,0.02,Net Banking,6013.28,1133.841835395086
1755,2024-01-25,499,Consumer,Female,56,South,Electronics,Product C,1,521,0.03,Card,505.37,45.48494359118215
1756,2024-01-26,224,Home Office,Male,21,North,Clothing,Product A,3,4350,0.2,Card,10440.0,2554.2089566105565
1757,2024-01-27,344,Consumer,Male,42,East,Electronics,Product C,3,4247,0.09,Cash,11594.31,1391.3114558486625
1758,2024-01-28,212,Consumer,Female,49,South,Furniture,Product B,5,3427,0.1,UPI,15421.5,3379.982298807573
1759,2024-01-29,411,Consumer,Female,57,East,Electronics,Product C,3,2072,0.15,Net Banking,5283.599999999999,1263.1675532849256
1760,2024-01-30,224,Home Office,Female,30,East,Electronics,Product C,5,2267,0.29,Cash,8047.849999999999,1794.2101532252
1761,2024-01-31,267,Home Office,Female,62,North,Furniture,Product C,1,532,0.29,UPI,377.71999999999997,23.95255866795959
1762,2024-02-01,266,Consumer,Male,34,North,Electronics,Product B,1,3191,0.12,Cash,2808.08,505.6269044582719
1763,2024-02-02,432,Consumer,Female,54,North,Electronics,Product A,4,1110,0.08,UPI,4084.8,302.3493036406945
1764,2024-02-03,308,Home Office,Female,23,East,Clothing,Product C,5,4696,0.09,UPI,21366.8,1092.5400399269188
1765,2024-02-04,345,Home Office,Female,36,East,Furniture,Product A,5,1149,0.08,Net Banking,5285.400000000001,319.0092429233378
1766,2024-02-05,310,Consumer,Male,30,East,Electronics,Product B,2,2275,0.16,UPI,3822.0,891.4044457641307
1767,2024-02-06,427,Consumer,Male,43,North,Furniture,Product A,2,2714,0.18,Card,4450.96,1031.2549526864884
1768,2024-02-07,310,Consumer,Male,31,West,Furniture,Product C,4,3531,0.15,Net Banking,12005.4,1142.4924209724663
1769,2024-02-08,233,Corporate,Male,48,South,Electronics,Product C,1,3229,0.12,Card,2841.52,452.9730766149185
1770,2024-02-09,310,Home Office,Female,21,West,Clothing,Product C,2,300,0.06,Cash,564.0,135.92718798359647
1771,2024-02-10,463,Corporate,Male,56,East,Furniture,Product C,3,4846,0.14,Cash,12502.68,1867.1655587274238
1772,2024-02-11,435,Home Office,Female,25,East,Electronics,Product C,1,2600,0.1,UPI,2340.0,301.1944198282147
1773,2024-02-12,282,Home Office,Female,42,West,Furniture,Product C,3,3571,0.16,UPI,8998.92,1319.6892675624106
1774,2024-02-13,241,Home Office,Female,30,East,Clothing,Product B,5,2543,0.2,Card,10172.0,2116.2149453012753
1775,2024-02-14,300,Home Office,Female,49,South,Clothing,Product B,1,552,0.19,Card,447.12,65.03607501165203
1776,2024-02-15,205,Home Office,Male,55,East,Clothing,Product B,4,3155,0.14,Card,10853.2,2242.873866098763
1777,2024-02-16,379,Home Office,Male,55,South,Electronics,Product A,5,1218,0.17,Cash,5054.7,689.1552156962448
1778,2024-02-17,481,Home Office,Male,45,West,Electronics,Product A,5,1379,0.09,Card,6274.45,629.9618967464522
1779,2024-02-18,425,Corporate,Female,47,West,Clothing,Product B,3,3736,0.01,Net Banking,11095.92,1279.299058449806
1780,2024-02-19,428,Consumer,Female,20,East,Electronics,Product A,5,3850,0.19,Net Banking,15592.500000000002,1022.3174744710022
1781,2024-02-20,488,Consumer,Female,45,South,Clothing,Product A,2,2702,0.08,Cash,4971.68,743.1479776073425
1782,2024-02-21,349,Corporate,Female,20,East,Electronics,Product C,1,4019,0.2,Card,3215.2000000000003,256.00124914063736
1783,2024-02-22,476,Corporate,Female,62,North,Clothing,Product C,2,1179,0.22,Card,1839.24,390.48794318621884
1784,2024-02-23,397,Corporate,Male,51,North,Furniture,Product A,3,1176,0.27,UPI,2575.44,345.4131576613263
1785,2024-02-24,269,Corporate,Female,33,North,Clothing,Product A,3,1571,0.29,Net Banking,3346.23,679.2862453221646
1786,2024-02-25,311,Home Office,Male,39,North,Clothing,Product B,1,2480,0.0,Cash,2480.0,597.4123720591623
1787,2024-02-26,203,Consumer,Female,49,East,Electronics,Product A,5,4776,0.3,Card,16716.0,3675.7746814812904
1788,2024-02-27,294,Home Office,Female,55,North,Electronics,Product C,4,307,0.2,UPI,982.4000000000001,236.0635837964587
1789,2024-02-28,351,Consumer,Male,25,South,Electronics,Product A,3,1172,0.19,Cash,2847.96,465.89010221335303
1790,2024-02-29,336,Consumer,Male,25,West,Electronics,Product B,1,1826,0.0,Cash,1826.0,151.6764832896939
1791,2024-03-01,446,Corporate,Female,23,West,Electronics,Product C,4,903,0.26,Net Banking,2672.88,633.684227603706
1792,2024-03-02,442,Home Office,Female,31,North,Electronics,Product C,5,1074,0.04,Card,5155.2,1153.2227668808946
1793,2024-03-03,230,Corporate,Female,49,North,Furniture,Product C,3,4009,0.25,Cash,9020.25,2010.4567565342923
1794,2024-03-04,239,Home Office,Female,52,North,Clothing,Product C,1,2611,0.0,UPI,2611.0,492.57790599283277
1795,2024-03-05,428,Consumer,Male,27,East,Clothing,Product A,1,2307,0.19,UPI,1868.67,326.98595433185227
1796,2024-03-06,235,Corporate,Female,20,West,Clothing,Product B,1,3753,0.13,Cash,3265.11,172.87052531107042
1797,2024-03-07,422,Corporate,Male,29,North,Furniture,Product A,3,1473,0.06,UPI,4153.86,829.1553750844724
1798,2024-03-08,205,Consumer,Female,48,South,Clothing,Product A,4,759,0.03,Cash,2944.92,201.15871963549287
1799,2024-03-09,419,Consumer,Male,46,North,Furniture,Product C,1,316,0.13,UPI,274.92,28.028145470664033
1800,2024-03-10,274,Consumer,Male,22,West,Furniture,Product B,5,3246,0.04,Cash,15580.8,2497.5719987620223
1801,2024-03-11,203,Corporate,Female,42,North,Furniture,Product C,1,243,0.15,Cash,206.54999999999998,28.98857308122928
1802,2024-03-12,333,Home Office,Male,58,West,Clothing,Product A,4,708,0.19,Cash,2293.92,121.93303763690307
1803,2024-03-13,317,Corporate,Female,48,North,Furniture,Product A,3,3639,0.25,UPI,8187.75,1758.7042324676017
1804,2024-03-14,293,Home Office,Male,38,South,Clothing,Product C,1,4128,0.2,Cash,3302.4,745.5504567965928
1805,2024-03-15,261,Corporate,Female,37,North,Clothing,Product A,1,1116,0.02,Net Banking,1093.68,203.8341601687088
1806,2024-03-16,393,Corporate,Male,56,South,Electronics,Product A,5,3145,0.09,Cash,14309.75,2263.9966580828927
1807,2024-03-17,402,Consumer,Female,39,South,Electronics,Product C,5,998,0.09,Card,4540.900000000001,1099.567890531722
1808,2024-03-18,225,Home Office,Female,21,North,Furniture,Product A,1,1960,0.27,Card,1430.8,105.8666684092226
1809,2024-03-19,372,Corporate,Male,30,South,Furniture,Product B,1,2533,0.26,Net Banking,1874.42,370.35167255814576
1810,2024-03-20,499,Corporate,Male,62,East,Clothing,Product C,5,3475,0.11,Cash,15463.75,1170.1747855316232
1811,2024-03-21,332,Consumer,Male,59,North,Furniture,Product B,4,1018,0.02,Card,3990.56,504.2829161583652
1812,2024-03-22,317,Consumer,Male,37,North,Furniture,Product A,2,2368,0.27,Cash,3457.2799999999997,577.7007767733281
1813,2024-03-23,474,Home Office,Female,30,South,Clothing,Product A,2,3935,0.27,Card,5745.099999999999,1134.183498143311
1814,2024-03-24,411,Corporate,Male,34,South,Furniture,Product C,1,3265,0.26,UPI,2416.1,122.6006939734281
1815,2024-03-25,424,Home Office,Female,53,North,Furniture,Product A,5,3459,0.25,UPI,12971.25,1324.6185667199804
1816,2024-03-26,219,Corporate,Male,50,East,Clothing,Product C,3,1106,0.14,Net Banking,2853.48,449.82281057601887
1817,2024-03-27,312,Home Office,Female,18,South,Clothing,Product C,3,4308,0.05,Net Banking,12277.8,1922.3932916018302
1818,2024-03-28,339,Consumer,Female,32,South,Electronics,Product C,2,802,0.14,Cash,1379.44,244.8854818844549
1819,2024-03-29,246,Corporate,Female,30,West,Clothing,Product C,4,4495,0.15,Net Banking,15283.0,1692.9088552818089
1820,2024-03-30,200,Home Office,Female,34,East,Electronics,Product C,2,2833,0.15,Cash,4816.099999999999,761.4535852338846
1821,2024-03-31,289,Consumer,Male,41,East,Furniture,Product B,1,1991,0.16,UPI,1672.4399999999998,147.1033996105366
1822,2024-04-01,341,Consumer,Male,25,North,Clothing,Product C,4,3727,0.08,UPI,13715.36,1198.3719389081155
1823,2024-04-02,237,Home Office,Female,44,East,Clothing,Product B,3,4743,0.11,Card,12663.81,2093.4897971261685
1824,2024-04-03,492,Corporate,Male,62,North,Clothing,Product A,5,2011,0.13,Cash,8747.85,1636.6747706177773
1825,2024-04-04,338,Corporate,Male,40,West,Furniture,Product C,5,4111,0.04,UPI,19732.8,1461.8056925057037
1826,2024-04-05,458,Consumer,Female,63,East,Electronics,Product A,1,1040,0.14,UPI,894.4,66.68465765262748
1827,2024-04-06,360,Corporate,Male,25,South,Furniture,Product C,2,3342,0.24,Cash,5079.84,828.321444837691
1828,2024-04-07,377,Corporate,Male,25,West,Furniture,Product B,1,4885,0.25,Card,3663.75,381.1001624858413
1829,2024-04-08,209,Corporate,Male,43,North,Clothing,Product B,5,2290,0.12,Card,10076.0,1294.5626708362936
1830,2024-04-09,460,Consumer,Female,64,West,Electronics,Product B,3,4815,0.16,Card,12133.8,1579.210302813236
1831,2024-04-10,337,Home Office,Male,30,North,Furniture,Product A,5,1236,0.01,Card,6118.2,524.3944207353951
1832,2024-04-11,371,Corporate,Female,56,West,Clothing,Product C,4,924,0.2,UPI,2956.8,148.61742162553526
1833,2024-04-12,212,Consumer,Male,54,North,Furniture,Product A,5,1187,0.12,Cash,5222.8,1152.3082546212265
1834,2024-04-13,367,Consumer,Male,45,East,Furniture,Product B,5,1002,0.13,Cash,4358.7,841.2308163668707
1835,2024-04-14,329,Home Office,Male,42,South,Clothing,Product A,4,2782,0.26,UPI,8234.72,1549.014335057082
1836,2024-04-15,283,Corporate,Female,33,North,Clothing,Product B,2,4037,0.14,UPI,6943.64,1106.1289874418344
1837,2024-04-16,300,Corporate,Female,19,West,Electronics,Product B,5,726,0.01,UPI,3593.7,683.4999295314783
1838,2024-04-17,472,Home Office,Male,35,North,Furniture,Product B,1,1865,0.07,Net Banking,1734.4499999999998,411.3034412874959
1839,2024-04-18,464,Home Office,Female,34,North,Clothing,Product C,5,1338,0.14,Cash,5753.4,1053.647454804321
1840,2024-04-19,237,Consumer,Male,47,North,Clothing,Product C,1,659,0.13,Cash,573.33,59.06347069341298
1841,2024-04-20,293,Consumer,Female,56,West,Electronics,Product B,4,2752,0.26,Cash,8145.92,1336.8433073354431
1842,2024-04-21,294,Home Office,Female,30,South,Electronics,Product A,5,4620,0.16,Card,19404.0,2686.7725445835886
1843,2024-04-22,268,Corporate,Male,49,East,Clothing,Product A,4,4874,0.21,UPI,15401.84,2484.06768606567
1844,2024-04-23,435,Consumer,Male,46,South,Electronics,Product C,4,3008,0.14,UPI,10347.52,1588.5729534477512
1845,2024-04-24,336,Consumer,Male,63,North,Clothing,Product B,2,3098,0.13,UPI,5390.5199999999995,1195.375070105949
1846,2024-04-25,275,Corporate,Male,47,West,Furniture,Product A,5,3443,0.13,Net Banking,14977.05,2701.2610476686823
1847,2024-04-26,234,Consumer,Female,35,South,Electronics,Product B,1,4268,0.12,Cash,3755.84,329.58132835280503
1848,2024-04-27,200,Corporate,Female,30,North,Furniture,Product A,1,2531,0.16,UPI,2126.04,133.0972385120387
1849,2024-04-28,495,Corporate,Female,60,East,Furniture,Product C,5,4770,0.08,Net Banking,21942.0,2959.3780502492227
1850,2024-04-29,259,Corporate,Male,38,East,Furniture,Product B,2,3885,0.27,UPI,5672.099999999999,301.3140021016132
1851,2024-04-30,466,Home Office,Male,47,East,Clothing,Product B,2,831,0.1,Card,1495.8,170.0118459459007
1852,2024-05-01,428,Home Office,Female,38,North,Furniture,Product A,2,4998,0.04,Cash,9596.16,1186.126580834784
1853,2024-05-02,469,Home Office,Male,34,West,Furniture,Product A,1,2656,0.03,Net Banking,2576.3199999999997,322.34342557784936
1854,2024-05-03,485,Corporate,Female,57,South,Furniture,Product A,4,1181,0.0,UPI,4724.0,1161.4899029812138
1855,2024-05-04,490,Corporate,Female,36,East,Clothing,Product B,2,4854,0.13,Cash,8445.96,935.6449301748776
1856,2024-05-05,412,Home Office,Female,32,North,Furniture,Product C,1,4517,0.06,Net Banking,4245.98,437.52912816554357
1857,2024-05-06,364,Consumer,Female,26,North,Furniture,Product C,1,1756,0.01,Cash,1738.44,131.90619716101128
1858,2024-05-07,204,Corporate,Female,27,South,Electronics,Product A,4,2405,0.16,Cash,8080.799999999999,1229.9120398768114
1859,2024-05-08,277,Consumer,Male,61,East,Clothing,Product C,5,4643,0.2,Card,18572.0,1499.4078429998726
1860,2024-05-09,261,Consumer,Male,48,North,Furniture,Product A,5,4155,0.03,Cash,20151.75,3491.4708954545176
1861,2024-05-10,331,Corporate,Male,40,South,Electronics,Product C,2,1121,0.14,Net Banking,1928.12,156.23933459332213
1862,2024-05-11,288,Corporate,Female,47,West,Clothing,Product B,2,604,0.22,Cash,942.24,155.78493338508594
1863,2024-05-12,436,Consumer,Female,50,West,Clothing,Product A,4,4972,0.3,Net Banking,13921.599999999999,2996.677968018695
1864,2024-05-13,241,Consumer,Female,26,West,Clothing,Product C,2,4884,0.2,Cash,7814.400000000001,457.18089923431955
1865,2024-05-14,288,Home Office,Female,64,East,Clothing,Product B,4,1820,0.07,UPI,6770.4,906.8909837972441
1866,2024-05-15,495,Home Office,Male,18,South,Clothing,Product C,1,3152,0.21,Card,2490.08,354.1137624584556
1867,2024-05-16,494,Corporate,Male,61,South,Clothing,Product B,2,3318,0.18,UPI,5441.52,1133.0029780358038
1868,2024-05-17,303,Home Office,Female,52,North,Furniture,Product B,1,1794,0.06,Card,1686.36,242.1328410175376
1869,2024-05-18,213,Home Office,Female,28,North,Furniture,Product C,3,765,0.26,Net Banking,1698.3,277.6842052277537
1870,2024-05-19,487,Home Office,Female,51,North,Furniture,Product C,4,4999,0.13,Card,17396.52,3622.6661243259905
1871,2024-05-20,378,Home Office,Male,33,South,Furniture,Product B,3,3068,0.29,Cash,6534.839999999999,1058.3284379868091
1872,2024-05-21,324,Consumer,Male,26,North,Electronics,Product B,2,1057,0.22,Cash,1648.92,200.60741378814197
1873,2024-05-22,222,Corporate,Male,49,South,Furniture,Product B,1,1484,0.19,UPI,1202.0400000000002,80.73917027820896
1874,2024-05-23,262,Home Office,Female,32,South,Clothing,Product A,2,784,0.22,Card,1223.04,239.6952023038126
1875,2024-05-24,342,Consumer,Female,29,West,Furniture,Product B,3,4527,0.14,Net Banking,11679.66,2618.902481384583
1876,2024-05-25,352,Consumer,Male,50,North,Furniture,Product A,2,1445,0.15,Net Banking,2456.5,599.4177070380066
1877,2024-05-26,344,Consumer,Female,62,West,Clothing,Product B,5,251,0.26,Cash,928.7,218.54166185451112
1878,2024-05-27,424,Home Office,Male,31,East,Furniture,Product A,3,2363,0.2,Net Banking,5671.200000000001,1188.0232889150243
1879,2024-05-28,303,Home Office,Female,25,East,Furniture,Product B,2,737,0.27,Cash,1076.02,192.2787337070097
1880,2024-05-29,303,Corporate,Male,25,East,Furniture,Product B,1,740,0.27,Cash,540.1999999999999,111.43895415554218
1881,2024-05-30,238,Home Office,Female,44,South,Electronics,Product B,2,1014,0.29,Cash,1439.8799999999999,196.4237392922871
1882,2024-05-31,397,Home Office,Male,29,South,Furniture,Product C,1,1615,0.21,UPI,1275.8500000000001,215.56154672817738
1883,2024-06-01,333,Consumer,Male,18,South,Clothing,Product C,5,3038,0.15,UPI,12911.5,1546.022517140118
1884,2024-06-02,266,Corporate,Male,60,North,Clothing,Product B,2,1852,0.05,Cash,3518.7999999999997,405.86487713459417
1885,2024-06-03,378,Home Office,Male,57,West,Furniture,Product A,5,2865,0.21,Cash,11316.75,2278.4958250443115
1886,2024-06-04,241,Home Office,Male,59,South,Furniture,Product A,3,4714,0.09,Cash,12869.220000000001,1811.8131681353289
1887,2024-06-05,214,Consumer,Male,28,West,Furniture,Product B,1,4262,0.08,Net Banking,3921.04,362.4305596806166
1888,2024-06-06,310,Consumer,Female,56,West,Clothing,Product C,3,2556,0.07,Cash,7131.24,644.5758995932623
1889,2024-06-07,356,Home Office,Female,60,West,Clothing,Product A,1,4010,0.26,Cash,2967.4,658.2716131445243
1890,2024-06-08,488,Corporate,Female,48,North,Electronics,Product C,5,1063,0.26,Card,3933.1,729.7949600755645
1891,2024-06-09,430,Corporate,Male,34,North,Electronics,Product A,4,385,0.19,Card,1247.4,198.59757438138277
1892,2024-06-10,356,Consumer,Male,50,East,Electronics,Product B,2,4556,0.14,Card,7836.32,1020.1928471325983
1893,2024-06-11,237,Consumer,Female,49,East,Clothing,Product C,5,1751,0.2,Card,7004.0,953.6890010146059
1894,2024-06-12,296,Home Office,Male,46,West,Electronics,Product A,1,2407,0.18,Cash,1973.7400000000002,121.35942803806569
1895,2024-06-13,488,Consumer,Male,38,East,Furniture,Product B,1,961,0.12,Card,845.68,119.22568226236744
1896,2024-06-14,453,Home Office,Male,38,West,Furniture,Product B,1,4519,0.11,Net Banking,4021.91,840.9451119160116
1897,2024-06-15,395,Corporate,Male,57,North,Clothing,Product B,1,1479,0.11,Net Banking,1316.31,167.95759672285476
1898,2024-06-16,285,Corporate,Male,40,North,Electronics,Product C,2,4475,0.18,Card,7339.000000000001,929.9705624829942
1899,2024-06-17,209,Home Office,Female,23,North,Furniture,Product C,3,4927,0.19,UPI,11972.61,636.2642038045111
1900,2024-06-18,204,Consumer,Female,39,South,Clothing,Product B,4,3894,0.14,Net Banking,13395.36,1896.3416325319702
1901,2024-06-19,322,Corporate,Female,55,West,Electronics,Product C,2,3481,0.29,Net Banking,4943.0199999999995,272.19990505497185
1902,2024-06-20,317,Consumer,Female,54,North,Furniture,Product A,1,1736,0.03,Card,1683.9199999999998,276.2805617625026
1903,2024-06-21,493,Corporate,Female,62,West,Electronics,Product B,2,3364,0.1,Card,6055.2,916.4949464314457
1904,2024-06-22,358,Home Office,Male,25,East,Clothing,Product B,5,2970,0.13,Cash,12919.5,2816.4729603697206
1905,2024-06-23,427,Home Office,Male,58,East,Electronics,Product C,1,2163,0.01,Net Banking,2141.37,356.2300093636023
1906,2024-06-24,415,Home Office,Male,52,North,Clothing,Product B,4,4045,0.11,Card,14400.2,1651.4937204221928
1907,2024-06-25,383,Corporate,Male,28,West,Electronics,Product A,1,3635,0.08,Card,3344.2000000000003,512.4859483384089
1908,2024-06-26,214,Consumer,Female,41,North,Furniture,Product C,4,4910,0.15,Cash,16694.0,3170.879580577829
1909,2024-06-27,356,Consumer,Female,38,East,Clothing,Product C,4,761,0.1,Net Banking,2739.6,188.46464278125694
1910,2024-06-28,335,Consumer,Female,19,North,Clothing,Product B,3,2621,0.22,Card,6133.14,1068.4838669923113
1911,2024-06-29,460,Corporate,Male,57,West,Clothing,Product B,3,4917,0.15,Cash,12538.35,2925.5137285277187
1912,2024-06-30,356,Corporate,Female,36,East,Electronics,Product B,2,2335,0.04,Card,4483.2,492.37218827479893
1913,2024-07-01,246,Corporate,Male,56,South,Electronics,Product C,2,2261,0.23,UPI,3481.94,610.4711965707951
1914,2024-07-02,372,Corporate,Female,45,East,Furniture,Product B,4,2380,0.03,UPI,9234.4,1978.6169352628576
1915,2024-07-03,329,Corporate,Female,34,South,Clothing,Product A,1,2160,0.25,Card,1620.0,246.8252727701142
1916,2024-07-04,294,Consumer,Male,23,North,Clothing,Product B,5,4079,0.28,Net Banking,14684.4,2842.8397338737877
1917,2024-07-05,314,Corporate,Male,36,North,Electronics,Product B,5,3479,0.1,UPI,15655.5,1756.5794708437222
1918,2024-07-06,442,Corporate,Female,55,West,Electronics,Product C,1,4084,0.28,Cash,2940.48,327.01575193146596
1919,2024-07-07,491,Consumer,Female,45,South,Furniture,Product B,1,3470,0.24,Card,2637.2,483.9705164574328
1920,2024-07-08,481,Corporate,Male,19,North,Furniture,Product C,3,4887,0.28,Cash,10555.92,2017.0439281908357
1921,2024-07-09,498,Consumer,Female,55,South,Electronics,Product B,5,782,0.2,UPI,3128.0,742.5932680147971
1922,2024-07-10,482,Consumer,Female,54,North,Clothing,Product A,4,1813,0.07,Net Banking,6744.36,640.4964579569837
1923,2024-07-11,268,Home Office,Male,21,East,Furniture,Product A,2,1301,0.27,Cash,1899.46,272.8451190130508
1924,2024-07-12,347,Home Office,Female,39,North,Electronics,Product C,3,488,0.06,UPI,1376.1599999999999,137.75732424584413
1925,2024-07-13,210,Home Office,Male,43,West,Electronics,Product C,5,4059,0.06,UPI,19077.3,1259.453436152141
1926,2024-07-14,453,Home Office,Female,60,East,Clothing,Product B,1,3260,0.08,UPI,2999.2000000000003,391.83379988402106
1927,2024-07-15,237,Corporate,Male,53,West,Electronics,Product B,5,3126,0.09,Cash,14223.300000000001,1775.2975385808606
1928,2024-07-16,333,Home Office,Female,30,East,Electronics,Product A,4,4302,0.15,UPI,14626.8,1522.4571572310933
1929,2024-07-17,399,Consumer,Male,49,South,Furniture,Product B,3,1383,0.21,Card,3277.71,358.5781249273154
1930,2024-07-18,222,Corporate,Female,34,West,Electronics,Product A,1,4535,0.28,UPI,3265.2,398.6233260196386
1931,2024-07-19,417,Home Office,Male,58,North,Electronics,Product C,4,1646,0.03,Card,6386.48,1582.3623529994823
1932,2024-07-20,340,Consumer,Female,53,South,Furniture,Product B,2,1949,0.29,Net Banking,2767.58,571.758650787145
1933,2024-07-21,303,Corporate,Female,63,North,Clothing,Product C,3,2103,0.28,Card,4542.48,291.9917055826506
1934,2024-07-22,409,Corporate,Female,36,East,Clothing,Product B,4,3375,0.02,Net Banking,13230.0,2969.905264983813
1935,2024-07-23,310,Home Office,Female,52,East,Furniture,Product A,4,1277,0.11,Net Banking,4546.12,803.1205836415056
1936,2024-07-24,303,Corporate,Female,63,North,Furniture,Product C,1,2577,0.24,Card,1958.52,446.7751382147924
1937,2024-07-25,370,Consumer,Female,57,North,Clothing,Product C,2,1047,0.18,Net Banking,1717.0800000000002,203.20257391551448
1938,2024-07-26,332,Corporate,Female,45,South,Clothing,Product B,4,3076,0.23,Card,9474.08,1353.8817773470817
1939,2024-07-27,492,Consumer,Female,18,North,Clothing,Product C,3,1439,0.22,Cash,3367.26,771.9289041982603
1940,2024-07-28,326,Corporate,Female,59,West,Clothing,Product A,4,1532,0.15,Net Banking,5208.8,544.3957900694369
1941,2024-07-29,305,Home Office,Male,35,West,Clothing,Product C,5,3706,0.01,Card,18344.7,4276.152784891854
1942,2024-07-30,291,Consumer,Male,57,North,Furniture,Product C,3,2579,0.18,Net Banking,6344.34,1368.473772749075
1943,2024-07-31,486,Corporate,Female,50,West,Electronics,Product B,3,4991,0.01,UPI,14823.27,3648.1785217485003
1944,2024-08-01,250,Corporate,Male,29,North,Clothing,Product C,4,4322,0.18,Card,14176.160000000002,1628.1534869515774
1945,2024-08-02,228,Corporate,Female,25,South,Clothing,Product B,1,3437,0.24,UPI,2612.12,253.76911931081898
1946,2024-08-03,495,Consumer,Female,41,West,Electronics,Product B,3,2565,0.18,Net Banking,6309.900000000001,733.0424067337681
1947,2024-08-04,496,Consumer,Male,33,West,Electronics,Product C,5,2612,0.3,Net Banking,9142.0,2202.5816869858036
1948,2024-08-05,413,Consumer,Female,21,North,Electronics,Product A,1,3374,0.14,Cash,2901.64,338.37375975181146
1949,2024-08-06,466,Home Office,Female,55,West,Electronics,Product B,1,572,0.22,Card,446.16,72.74298111842427
1950,2024-08-07,456,Home Office,Male,61,East,Electronics,Product C,1,2149,0.2,UPI,1719.2,224.76108452454707
1951,2024-08-08,300,Consumer,Male,44,South,Electronics,Product B,3,444,0.3,Cash,932.4,120.50713254296248
1952,2024-08-09,309,Corporate,Female,26,South,Furniture,Product A,1,2040,0.21,Net Banking,1611.6000000000001,142.90979353621708
1953,2024-08-10,381,Home Office,Male,64,West,Electronics,Product A,4,3627,0.05,Net Banking,13782.599999999999,2169.6004957993728
1954,2024-08-11,200,Consumer,Male,33,West,Electronics,Product B,1,324,0.29,Cash,230.04,50.58139096253126
1955,2024-08-12,254,Corporate,Female,29,East,Furniture,Product A,5,4832,0.2,UPI,19328.0,1157.6892683938431
1956,2024-08-13,348,Home Office,Male,48,East,Electronics,Product C,2,2953,0.02,Net Banking,5787.88,1318.741363386529
1957,2024-08-14,336,Corporate,Male,41,West,Clothing,Product C,5,2119,0.2,Net Banking,8476.0,1551.90977050075
1958,2024-08-15,401,Corporate,Female,31,West,Clothing,Product B,3,1835,0.26,Card,4073.7,706.1661837675963
1959,2024-08-16,316,Corporate,Male,62,East,Electronics,Product A,1,1625,0.17,Cash,1348.75,236.27408783124693
1960,2024-08-17,353,Corporate,Male,42,North,Furniture,Product C,1,1740,0.11,Net Banking,1548.6000000000001,169.1906935918183
1961,2024-08-18,490,Home Office,Female,51,East,Clothing,Product C,4,730,0.25,UPI,2190.0,291.33329269431
1962,2024-08-19,262,Home Office,Female,20,North,Furniture,Product C,1,4549,0.23,Card,3502.73,735.0759164761739
1963,2024-08-20,443,Home Office,Female,41,South,Clothing,Product B,5,3303,0.16,Cash,13872.6,1543.6903146004743
1964,2024-08-21,224,Consumer,Male,59,South,Electronics,Product B,3,4956,0.05,UPI,14124.599999999999,2033.9994904261025
1965,2024-08-22,289,Home Office,Female,26,East,Furniture,Product C,2,2001,0.08,Net Banking,3681.84,198.54857641718354
1966,2024-08-23,274,Corporate,Female,43,North,Furniture,Product C,1,1236,0.22,Cash,964.08,189.64578737961264
1967,2024-08-24,493,Home Office,Male,37,East,Furniture,Product A,2,3928,0.24,Cash,5970.56,797.3111815980432
1968,2024-08-25,409,Corporate,Female,57,East,Clothing,Product A,1,4211,0.08,UPI,3874.1200000000003,600.7665824237916
1969,2024-08-26,216,Consumer,Female,27,North,Clothing,Product A,3,3663,0.11,Cash,9780.210000000001,713.347622589192
1970,2024-08-27,327,Corporate,Female,36,East,Clothing,Product B,5,1342,0.02,UPI,6575.8,1633.0528851320855
1971,2024-08-28,450,Corporate,Female,20,South,Electronics,Product C,3,1955,0.21,Net Banking,4633.35,511.95536123204727
1972,2024-08-29,378,Corporate,Male,41,West,Clothing,Product B,2,1829,0.0,Card,3658.0,647.458436423963
1973,2024-08-30,381,Consumer,Female,22,West,Electronics,Product C,1,962,0.01,UPI,952.38,158.33057402249915
1974,2024-08-31,351,Home Office,Female,20,East,Furniture,Product A,2,4157,0.0,Card,8314.0,1721.151316686474
1975,2024-09-01,224,Home Office,Male,44,North,Furniture,Product A,5,757,0.19,Cash,3065.8500000000004,333.4645060787176
1976,2024-09-02,379,Consumer,Female,33,North,Electronics,Product A,3,4821,0.13,UPI,12582.81,2531.4785311809374
1977,2024-09-03,397,Corporate,Male,32,South,Clothing,Product A,2,1039,0.09,Net Banking,1890.98,239.20962453842202
1978,2024-09-04,360,Home Office,Male,52,North,Electronics,Product C,2,202,0.27,UPI,294.92,38.99791840948106
1979,2024-09-05,376,Consumer,Male,29,North,Furniture,Product A,5,1251,0.06,UPI,5879.7,1085.0545683968526
1980,2024-09-06,484,Home Office,Female,58,South,Furniture,Product C,1,1604,0.12,UPI,1411.52,291.9830105054213
1981,2024-09-07,262,Consumer,Male,61,East,Electronics,Product C,2,356,0.28,Card,512.64,94.00450246816868
1982,2024-09-08,349,Corporate,Male,43,West,Clothing,Product B,5,2137,0.13,Card,9295.95,2137.8445058506804
1983,2024-09-09,353,Home Office,Male,64,South,Clothing,Product A,1,710,0.17,Cash,589.3,63.07384321805653
1984,2024-09-10,355,Consumer,Female,51,East,Electronics,Product A,1,3604,0.02,Cash,3531.92,812.7772496891035
1985,2024-09-11,248,Home Office,Female,40,South,Electronics,Product B,3,4982,0.24,Cash,11358.960000000001,865.2427113299603
1986,2024-09-12,283,Home Office,Female,48,East,Clothing,Product C,5,1337,0.13,Cash,5815.95,1057.9565717924831
1987,2024-09-13,376,Home Office,Female,37,South,Furniture,Product A,1,4114,0.24,UPI,3126.64,498.78077996626365
1988,2024-09-14,347,Home Office,Female,29,East,Electronics,Product C,3,3521,0.08,Card,9717.960000000001,1447.2684567042165
1989,2024-09-15,317,Consumer,Female,40,South,Clothing,Product B,4,4866,0.13,Card,16933.68,1899.6609609805782
1990,2024-09-16,262,Corporate,Female,21,East,Clothing,Product C,5,914,0.24,Card,3473.2,523.5729142009119
1991,2024-09-17,388,Consumer,Male,40,South,Furniture,Product A,4,2486,0.29,Card,7060.24,581.4437443363074
1992,2024-09-18,248,Consumer,Male,18,West,Furniture,Product C,1,2854,0.02,Cash,2796.92,346.438227056904
1993,2024-09-19,456,Consumer,Male,42,West,Furniture,Product C,5,1190,0.24,UPI,4522.0,315.34702177241877
1994,2024-09-20,423,Corporate,Male,19,North,Furniture,Product A,3,4629,0.09,Card,12637.17,2077.163039084337
1995,2024-09-21,340,Home Office,Female,47,East,Furniture,Product A,1,2360,0.17,Net Banking,1958.8,135.45802709756586
1996,2024-09-22,414,Home Office,Male,20,South,Electronics,Product C,5,4657,0.09,UPI,21189.350000000002,1738.9872560663848
1997,2024-09-23,410,Home Office,Male,38,East,Clothing,Product C,5,2344,0.18,Net Banking,9610.400000000001,644.7940298030583
1998,2024-09-24,231,Corporate,Male,42,West,Electronics,Product B,4,2263,0.11,UPI,8056.28,1017.2030564866252
1999,2024-09-25,357,Home Office,Male,37,East,Electronics,Product A,1,2803,0.1,UPI,2522.7000000000003,550.9367185922337
2000,2024-09-26,484,Corporate,Female,39,South,Electronics,Product C,3,2177,0.01,UPI,6465.69,1496.0266860845848
2001,2024-09-27,485,Home Office,Female,38,East,Electronics,Product A,3,575,0.04,Net Banking,1656.0,106.60978736352443
2002,2024-09-28,343,Home Office,Female,50,South,Electronics,Product B,1,941,0.28,Card,677.52,119.86008228731392
2003,2024-09-29,218,Consumer,Male,55,West,Furniture,Product C,1,4685,0.3,Card,3279.5,612.8633999899411
2004,2024-09-30,217,Corporate,Female,32,West,Furniture,Product C,2,2867,0.23,Net Banking,4415.18,692.0970748854048
2005,2024-10-01,456,Consumer,Male,63,West,Clothing,Product C,4,1440,0.09,Card,5241.6,961.2935699757546
2006,2024-10-02,277,Consumer,Female,32,North,Electronics,Product A,1,3670,0.12,Cash,3229.6,312.4255069190041
2007,2024-10-03,374,Consumer,Female,63,West,Clothing,Product B,1,2567,0.22,Card,2002.26,296.19200391134865
2008,2024-10-04,393,Corporate,Female,42,East,Furniture,Product A,2,2443,0.29,Cash,3469.06,444.64735457124624
2009,2024-10-05,312,Corporate,Female,38,North,Furniture,Product C,2,3749,0.14,Cash,6448.28,438.10639782182886
2010,2024-10-06,313,Home Office,Female,41,West,Furniture,Product B,5,617,0.25,Cash,2313.75,405.16374248158183
2011,2024-10-07,421,Consumer,Male,22,East,Electronics,Product C,3,806,0.29,Net Banking,1716.78,255.87410769493144
2012,2024-10-08,365,Home Office,Female,23,East,Electronics,Product C,4,767,0.26,Card,2270.32,238.46261935149457
2013,2024-10-09,331,Consumer,Male,60,East,Furniture,Product A,5,743,0.07,Card,3454.95,500.0592780861256
2014,2024-10-10,463,Corporate,Male,61,South,Clothing,Product C,1,1083,0.0,Net Banking,1083.0,222.07955078489914
2015,2024-10-11,254,Corporate,Male,64,North,Clothing,Product B,2,4998,0.15,Net Banking,8496.6,1787.1030694949993
2016,2024-10-12,330,Corporate,Male,40,East,Furniture,Product C,3,1423,0.16,Card,3585.96,645.1329433300176
2017,2024-10-13,487,Consumer,Male,21,South,Clothing,Product C,5,3093,0.06,Net Banking,14537.099999999999,2086.794405784304
2018,2024-10-14,465,Corporate,Female,44,West,Furniture,Product A,3,2268,0.09,Net Banking,6191.64,1022.5488992160227
2019,2024-10-15,361,Consumer,Female,35,East,Clothing,Product B,2,3909,0.23,Cash,6019.860000000001,764.5407266817652
2020,2024-10-16,286,Home Office,Female,38,South,Furniture,Product A,5,1986,0.14,Net Banking,8539.8,643.1431715804391
2021,2024-10-17,254,Consumer,Female,45,East,Clothing,Product C,5,1657,0.1,Cash,7456.5,947.9009968818789
2022,2024-10-18,487,Home Office,Male,52,North,Electronics,Product A,3,2114,0.19,UPI,5137.02,801.7169949169667
2023,2024-10-19,377,Consumer,Female,39,North,Furniture,Product A,2,277,0.2,Cash,443.20000000000005,75.24064705862777
2024,2024-10-20,207,Home Office,Female,57,West,Furniture,Product A,1,3813,0.23,Cash,2936.01,696.3047047412256
2025,2024-10-21,446,Corporate,Male,40,East,Clothing,Product A,5,1508,0.05,Net Banking,7163.0,1471.7578933508607
2026,2024-10-22,454,Home Office,Male,20,South,Furniture,Product C,1,847,0.22,Card,660.66,53.1160811288081
2027,2024-10-23,253,Corporate,Female,57,West,Furniture,Product C,2,2387,0.18,UPI,3914.6800000000003,332.10752014801693
2028,2024-10-24,448,Corporate,Female,27,East,Furniture,Product B,5,752,0.02,UPI,3684.7999999999997,258.30061776932916
2029,2024-10-25,438,Home Office,Male,42,West,Electronics,Product A,5,481,0.23,UPI,1851.8500000000001,365.9928663108114
2030,2024-10-26,428,Consumer,Female,25,South,Electronics,Product A,1,1481,0.11,Card,1318.09,252.05104281146637
2031,2024-10-27,266,Consumer,Female,28,West,Clothing,Product B,4,2046,0.1,UPI,7365.6,1821.3109177477095
2032,2024-10-28,250,Consumer,Female,22,West,Electronics,Product A,1,2687,0.13,UPI,2337.69,360.9502846479543
2033,2024-10-29,296,Consumer,Female,62,West,Clothing,Product B,1,2993,0.1,Card,2693.7000000000003,579.9077787680467
2034,2024-10-30,291,Consumer,Male,54,East,Electronics,Product C,4,3911,0.1,UPI,14079.6,2327.1885267493985
2035,2024-10-31,463,Corporate,Male,62,South,Clothing,Product B,2,4399,0.24,Net Banking,6686.4800000000005,1503.2366643160915
2036,2024-11-01,490,Consumer,Male,55,North,Electronics,Product A,2,2976,0.04,Net Banking,5713.92,1109.6673073785557
2037,2024-11-02,295,Corporate,Female,46,East,Electronics,Product B,5,1796,0.29,Cash,6375.799999999999,1138.5699805562458
2038,2024-11-03,287,Corporate,Female,22,North,Clothing,Product C,3,679,0.17,Cash,1690.7099999999998,275.62721021155056
2039,2024-11-04,277,Corporate,Female,26,North,Furniture,Product A,3,3512,0.05,Cash,10009.199999999999,1947.7313146509246
2040,2024-11-05,487,Home Office,Female,19,East,Furniture,Product C,5,3418,0.04,Net Banking,16406.399999999998,2197.321760879533
2041,2024-11-06,319,Home Office,Female,18,East,Electronics,Product C,3,2163,0.18,Net Banking,5320.9800000000005,368.825410880645
2042,2024-11-07,364,Corporate,Male,57,South,Clothing,Product B,1,2342,0.19,Net Banking,1897.0200000000002,110.02189721041601
2043,2024-11-08,381,Home Office,Female,47,South,Furniture,Product C,1,4098,0.02,Cash,4016.04,585.5576934183413
2044,2024-11-09,422,Consumer,Female,28,West,Clothing,Product A,4,2272,0.07,Cash,8451.84,1435.6153132542959
2045,2024-11-10,206,Consumer,Male,45,North,Furniture,Product C,4,1495,0.24,Cash,4544.8,298.9106148274757
2046,2024-11-11,462,Corporate,Female,61,South,Clothing,Product C,5,1138,0.01,Cash,5633.1,604.8862762753527
2047,2024-11-12,360,Consumer,Male,29,West,Electronics,Product B,5,961,0.26,Cash,3555.7,406.7949829574079
2048,2024-11-13,350,Corporate,Male,56,South,Clothing,Product C,5,4949,0.2,Cash,19796.0,3218.0200829965083
2049,2024-11-14,284,Corporate,Male,43,East,Furniture,Product B,1,1869,0.13,Net Banking,1626.03,171.86566559985127
2050,2024-11-15,346,Consumer,Male,30,South,Electronics,Product B,3,4062,0.1,Card,10967.4,758.1732901541096
2051,2024-11-16,311,Home Office,Male,25,North,Clothing,Product A,5,2885,0.01,Card,14280.75,1184.8930806544893
2052,2024-11-17,235,Consumer,Female,45,South,Furniture,Product A,5,4099,0.25,Cash,15371.25,1303.321529081691
2053,2024-11-18,484,Consumer,Male,47,North,Electronics,Product A,1,2131,0.04,Card,2045.76,447.0783218186313
2054,2024-11-19,387,Corporate,Male,26,East,Clothing,Product A,1,4139,0.09,Card,3766.4900000000002,402.50195156137306
2055,2024-11-20,281,Corporate,Female,56,North,Furniture,Product B,1,1326,0.17,Net Banking,1100.58,212.34408570238065
2056,2024-11-21,201,Corporate,Female,48,South,Clothing,Product C,3,3497,0.07,Cash,9756.63,1595.8700095392921
2057,2024-11-22,396,Corporate,Male,38,West,Clothing,Product A,5,4870,0.15,Cash,20697.5,5079.326920595262
2058,2024-11-23,210,Home Office,Female,64,East,Electronics,Product A,2,1403,0.24,Card,2132.56,222.99014214943284
2059,2024-11-24,433,Home Office,Female,51,South,Electronics,Product A,2,4335,0.14,Cash,7456.2,608.9821831339646
2060,2024-11-25,394,Home Office,Male,48,East,Furniture,Product C,5,3972,0.28,Cash,14299.199999999999,863.7798897524115
2061,2024-11-26,318,Corporate,Male,42,East,Electronics,Product A,5,719,0.25,Cash,2696.25,264.74999788518056
2062,2024-11-27,219,Corporate,Female,29,South,Furniture,Product C,5,2483,0.1,Cash,11173.5,2087.368209872478
2063,2024-11-28,460,Corporate,Male,18,South,Clothing,Product B,5,4758,0.12,Card,20935.2,1403.739596883521
2064,2024-11-29,492,Home Office,Male,39,West,Clothing,Product B,3,682,0.13,UPI,1780.02,176.11583568065905
2065,2024-11-30,455,Corporate,Female,57,East,Furniture,Product B,2,2677,0.19,Card,4336.740000000001,958.6870025276666
2066,2024-12-01,421,Consumer,Male,54,East,Clothing,Product C,4,3293,0.09,Net Banking,11986.52,1996.8414373233618
2067,2024-12-02,425,Consumer,Male,64,South,Electronics,Product A,2,542,0.29,UPI,769.64,49.18331164809388
2068,2024-12-03,252,Corporate,Male,18,North,Clothing,Product A,2,1662,0.18,UPI,2725.6800000000003,162.27779852373897
2069,2024-12-04,479,Consumer,Male,18,South,Electronics,Product A,1,1402,0.12,UPI,1233.76,76.77019173238364
2070,2024-12-05,280,Consumer,Male,59,East,Furniture,Product A,5,1821,0.19,Card,7375.05,1758.0276177176993
2071,2024-12-06,401,Home Office,Female,59,South,Furniture,Product A,5,2598,0.12,Net Banking,11431.2,2514.5700548334257
2072,2024-12-07,357,Corporate,Female,38,West,Clothing,Product C,5,3796,0.25,Card,14235.0,3117.2942996274514
2073,2024-12-08,319,Corporate,Male,32,North,Clothing,Product B,1,3735,0.17,Net Banking,3100.0499999999997,728.0261347586209
2074,2024-12-09,258,Home Office,Female,34,South,Electronics,Product A,3,3077,0.01,Card,9138.69,1380.4089764664184
2075,2024-12-10,414,Consumer,Male,39,West,Electronics,Product B,3,2590,0.05,Card,7381.5,734.2299380089189
2076,2024-12-11,327,Consumer,Male,55,East,Clothing,Product C,4,3551,0.26,Card,10510.96,1369.2585637261786
2077,2024-12-12,423,Corporate,Male,52,South,Clothing,Product C,3,3113,0.17,UPI,7751.37,1502.004781725877
2078,2024-12-13,408,Consumer,Male,62,East,Furniture,Product A,3,1389,0.29,Card,2958.5699999999997,666.2894145393337
2079,2024-12-14,314,Home Office,Male,33,West,Furniture,Product C,5,2540,0.02,Net Banking,12446.0,1705.328334740456
2080,2024-12-15,408,Home Office,Female,25,East,Furniture,Product B,2,3780,0.09,Net Banking,6879.6,1080.6213641292857
2081,2024-12-16,213,Corporate,Female,64,West,Clothing,Product A,3,1803,0.06,Net Banking,5084.46,1201.7456715986757
2082,2024-12-17,208,Home Office,Male,34,West,Clothing,Product A,3,3497,0.17,UPI,8707.529999999999,622.5860215178933
2083,2024-12-18,239,Home Office,Female,34,West,Clothing,Product B,1,797,0.11,Card,709.33,157.79744071525107
2084,2024-12-19,436,Corporate,Male,43,South,Furniture,Product A,4,844,0.05,Card,3207.2,262.54619141568173
2085,2024-12-20,480,Home Office,Female,30,East,Clothing,Product A,1,4743,0.19,Cash,3841.8300000000004,563.8741102774028
2086,2024-12-21,400,Home Office,Male,34,East,Electronics,Product B,5,3102,0.16,UPI,13028.4,1220.560777894761
2087,2024-12-22,445,Home Office,Female,55,North,Clothing,Product A,2,963,0.08,Net Banking,1771.92,302.2709931546591
2088,2024-12-23,477,Consumer,Male,34,North,Clothing,Product A,4,1842,0.14,Net Banking,6336.48,1024.7018630371986
2089,2024-12-24,434,Corporate,Male,31,North,Clothing,Product B,1,2497,0.22,Card,1947.66,245.4080286074286
2090,2024-12-25,203,Corporate,Female,62,North,Clothing,Product C,3,4896,0.06,Net Banking,13806.72,3074.2139808964953
2091,2024-12-26,353,Corporate,Female,23,East,Clothing,Product B,3,2372,0.09,Card,6475.56,1178.31014886491
2092,2024-12-27,228,Consumer,Male,52,West,Electronics,Product A,4,2360,0.1,Card,8496.0,1650.271748335335
2093,2024-12-28,308,Consumer,Female,63,West,Electronics,Product B,3,3949,0.22,Cash,9240.66,740.4720832932148
2094,2024-12-29,297,Corporate,Male,31,South,Clothing,Product A,1,3122,0.25,UPI,2341.5,530.6614869959818
2095,2024-12-30,414,Consumer,Female,64,West,Furniture,Product A,1,779,0.11,Card,693.3100000000001,57.827623167879
2096,2024-12-31,492,Corporate,Female,25,East,Clothing,Product B,3,4004,0.09,Card,10930.92,1033.5949241963876
2097,2025-01-01,274,Consumer,Male,32,East,Clothing,Product A,3,2568,0.27,Card,5623.92,425.23037089907524
2098,2025-01-02,345,Home Office,Female,44,East,Clothing,Product C,5,4132,0.3,Cash,14461.999999999998,1996.794973129002
2099,2025-01-03,327,Home Office,Female,30,South,Furniture,Product A,2,4827,0.2,Card,7723.200000000001,1757.351187733888
2100,2025-01-04,241,Corporate,Male,48,North,Furniture,Product B,4,3560,0.3,UPI,9968.0,1001.6793750942161
2101,2025-01-05,240,Consumer,Female,52,West,Furniture,Product C,1,4907,0.2,UPI,3925.6000000000004,489.72128544246914
2102,2025-01-06,233,Consumer,Male,23,East,Electronics,Product C,4,1300,0.22,Net Banking,4056.0,889.1290799651823
2103,2025-01-07,216,Home Office,Male,22,East,Furniture,Product A,5,1870,0.12,UPI,8228.0,1428.0768243712282
2104,2025-01-08,364,Home Office,Male,39,North,Electronics,Product B,1,2420,0.13,Net Banking,2105.4,421.7606310365743
2105,2025-01-09,352,Consumer,Male,40,East,Electronics,Product A,5,416,0.04,UPI,1996.8,185.30305974280685
2106,2025-01-10,275,Consumer,Male,42,West,Furniture,Product A,5,575,0.25,Net Banking,2156.25,416.7987535621732
2107,2025-01-11,286,Consumer,Female,51,South,Furniture,Product B,3,1809,0.28,Card,3907.44,373.24693588160153
2108,2025-01-12,316,Consumer,Male,43,East,Furniture,Product B,4,4306,0.19,Cash,13951.44,3452.462356794621
2109,2025-01-13,226,Consumer,Male,64,West,Electronics,Product A,4,4039,0.1,Cash,14540.4,2355.2137329090424
2110,2025-01-14,486,Consumer,Female,22,East,Clothing,Product C,3,3139,0.05,Cash,8946.15,1691.9661296685217
2111,2025-01-15,333,Corporate,Female,43,North,Furniture,Product A,4,4262,0.08,Card,15684.16,1155.6138779857586
2112,2025-01-16,418,Consumer,Female,37,East,Furniture,Product C,3,1813,0.08,Cash,5003.88,501.04448908208184
2113,2025-01-17,367,Home Office,Male,23,East,Furniture,Product A,1,3879,0.18,UPI,3180.78,247.9358590258214
2114,2025-01-18,297,Corporate,Male,23,South,Electronics,Product B,5,1496,0.28,Net Banking,5385.599999999999,689.5406808334784
2115,2025-01-19,467,Consumer,Male,35,North,Electronics,Product C,5,4196,0.01,Card,20770.2,2218.8217453437937
2116,2025-01-20,436,Home Office,Female,21,North,Clothing,Product B,4,4986,0.0,Cash,19944.0,3920.6803092144146
2117,2025-01-21,372,Corporate,Male,34,South,Furniture,Product B,2,1355,0.18,UPI,2222.2000000000003,159.42461890593552
2118,2025-01-22,389,Home Office,Female,31,East,Electronics,Product B,5,2566,0.09,UPI,11675.300000000001,2339.8687488937176
2119,2025-01-23,321,Consumer,Male,31,West,Clothing,Product B,3,3091,0.26,Card,6862.0199999999995,405.82648415329606
2120,2025-01-24,245,Consumer,Female,30,North,Furniture,Product B,2,2172,0.1,Card,3909.6,353.4417873591251
2121,2025-01-25,263,Consumer,Male,24,North,Electronics,Product A,2,984,0.09,Cash,1790.88,373.2068529619136
2122,2025-01-26,329,Consumer,Male,61,East,Furniture,Product C,5,4692,0.08,Net Banking,21583.2,4285.4593600719845
2123,2025-01-27,392,Corporate,Male,32,East,Furniture,Product A,5,1281,0.04,Cash,6148.8,893.2068018528615
2124,2025-01-28,380,Corporate,Female,36,North,Electronics,Product A,5,2233,0.17,Cash,9266.949999999999,555.9849642975837
2125,2025-01-29,491,Home Office,Female,60,East,Electronics,Product A,3,1814,0.05,Card,5169.9,889.112931011222
2126,2025-01-30,481,Consumer,Male,64,West,Electronics,Product B,2,4755,0.13,Cash,8273.7,1086.7076438100996
2127,2025-01-31,228,Home Office,Male,61,North,Furniture,Product A,4,2616,0.14,Cash,8999.039999999999,1019.6418969515075
2128,2025-02-01,348,Corporate,Male,52,West,Furniture,Product C,3,4841,0.01,Net Banking,14377.77,2560.4238683690883
2129,2025-02-02,466,Consumer,Female,34,West,Clothing,Product A,1,3853,0.01,UPI,3814.47,523.8141298163239
2130,2025-02-03,495,Consumer,Male,52,East,Furniture,Product B,5,696,0.16,UPI,2923.2,200.19307216894637
2131,2025-02-04,210,Corporate,Male,36,West,Electronics,Product C,2,704,0.21,Net Banking,1112.3200000000002,259.3820054720582
2132,2025-02-05,363,Corporate,Male,37,East,Furniture,Product C,3,3586,0.28,UPI,7745.759999999999,1593.2921420044006
2133,2025-02-06,312,Corporate,Male,53,South,Clothing,Product C,1,2408,0.05,Cash,2287.6,140.17415007925356
2134,2025-02-07,386,Corporate,Female,52,East,Clothing,Product C,3,3416,0.03,Net Banking,9940.56,1540.9137810925642
2135,2025-02-08,494,Corporate,Female,49,West,Electronics,Product A,3,3866,0.02,Net Banking,11366.039999999999,757.8365430016651
2136,2025-02-09,431,Consumer,Male,61,South,Electronics,Product B,4,1608,0.13,Card,5595.84,1216.8600169827666
2137,2025-02-10,426,Corporate,Male,57,East,Clothing,Product C,4,4564,0.19,UPI,14787.36,2552.3396254202976
2138,2025-02-11,297,Consumer,Female,41,West,Clothing,Product C,3,4277,0.25,Card,9623.25,813.0667249314062
2139,2025-02-12,254,Consumer,Female,34,North,Clothing,Product B,1,1677,0.2,Cash,1341.6000000000001,72.6453171017598
2140,2025-02-13,310,Corporate,Male,24,North,Electronics,Product A,2,2597,0.06,Net Banking,4882.36,274.9559740926396
2141,2025-02-14,351,Corporate,Female,60,East,Clothing,Product C,2,309,0.14,Cash,531.48,80.50492021860316
2142,2025-02-15,445,Consumer,Female,18,East,Clothing,Product A,5,3754,0.27,UPI,13702.1,2697.5967684354046
2143,2025-02-16,268,Corporate,Male,52,North,Electronics,Product A,5,849,0.1,Card,3820.5,283.35918886427817
2144,2025-02-17,488,Corporate,Female,49,West,Furniture,Product A,2,1699,0.15,UPI,2888.2999999999997,272.24195351643436
2145,2025-02-18,449,Corporate,Female,53,West,Furniture,Product A,3,795,0.29,Cash,1693.35,195.5006256305655
2146,2025-02-19,235,Home Office,Male,30,West,Clothing,Product C,3,1178,0.22,Card,2756.52,258.0526022574419
2147,2025-02-20,438,Consumer,Male,23,East,Furniture,Product C,4,930,0.22,UPI,2901.6,372.1804340586119
2148,2025-02-21,347,Home Office,Female,31,South,Furniture,Product A,4,256,0.08,Cash,942.08,152.5444209262326
2149,2025-02-22,426,Corporate,Male,54,South,Furniture,Product A,5,2443,0.12,UPI,10749.2,2009.9644188390964
2150,2025-02-23,443,Home Office,Female,32,South,Furniture,Product B,2,1901,0.02,Net Banking,3725.96,904.495555579369
2151,2025-02-24,400,Corporate,Male,64,South,Clothing,Product B,3,1486,0.18,Card,3655.5600000000004,863.3289770294198
2152,2025-02-25,353,Home Office,Female,21,South,Furniture,Product B,2,311,0.03,Card,603.34,98.96308179865545
2153,2025-02-26,272,Corporate,Male,57,East,Furniture,Product C,1,1401,0.25,Card,1050.75,206.81913436430293
2154,2025-02-27,400,Home Office,Female,33,East,Electronics,Product B,2,1147,0.24,Net Banking,1743.44,418.7297272864313
2155,2025-02-28,495,Home Office,Female,45,South,Clothing,Product C,1,4321,0.16,Card,3629.64,242.07662175705295
2156,2025-03-01,216,Home Office,Female,33,East,Electronics,Product C,4,957,0.04,Net Banking,3674.8799999999997,187.88541326391373
2157,2025-03-02,328,Consumer,Male,21,East,Electronics,Product C,4,3588,0.01,Card,14208.48,795.1058693913019
2158,2025-03-03,416,Home Office,Male,62,South,Clothing,Product C,5,2041,0.24,UPI,7755.8,1261.6349969384466
2159,2025-03-04,260,Consumer,Female,43,West,Furniture,Product B,2,3735,0.18,UPI,6125.400000000001,1240.8019726696286
2160,2025-03-05,303,Corporate,Female,45,East,Electronics,Product A,2,2493,0.21,UPI,3938.94,486.12424129752935
2161,2025-03-06,241,Home Office,Male,49,West,Clothing,Product A,1,1304,0.09,UPI,1186.64,188.73252285975627
2162,2025-03-07,224,Corporate,Male,62,East,Furniture,Product A,4,861,0.15,Net Banking,2927.4,448.6921521837975
2163,2025-03-08,238,Corporate,Male,19,East,Clothing,Product B,1,1108,0.22,Cash,864.24,59.592959069897404
2164,2025-03-09,490,Home Office,Male,48,South,Electronics,Product A,4,4817,0.14,Cash,16570.48,1894.2983801118637
2165,2025-03-10,330,Consumer,Male,20,East,Furniture,Product B,1,2056,0.18,UPI,1685.92,90.84922336498931
2166,2025-03-11,428,Home Office,Male,25,North,Furniture,Product B,4,2511,0.24,Cash,7633.4400000000005,550.6850466326346
2167,2025-03-12,307,Corporate,Female,41,North,Clothing,Product B,1,989,0.06,Cash,929.66,197.4334231020608
2168,2025-03-13,371,Corporate,Male,32,South,Furniture,Product A,4,371,0.02,Card,1454.32,313.96252746363507
2169,2025-03-14,301,Home Office,Female,60,West,Electronics,Product A,1,4560,0.16,Net Banking,3830.3999999999996,805.875036860127
2170,2025-03-15,211,Consumer,Male,48,West,Electronics,Product A,2,2186,0.02,UPI,4284.5599999999995,837.047615255663
2171,2025-03-16,474,Consumer,Male,26,West,Electronics,Product C,5,2085,0.23,Cash,8027.25,1674.9866092527222
2172,2025-03-17,300,Corporate,Female,56,North,Clothing,Product B,1,675,0.22,Cash,526.5,96.97944053568028
2173,2025-03-18,243,Corporate,Female,62,West,Furniture,Product C,5,1249,0.26,UPI,4621.3,850.1651617343429
2174,2025-03-19,216,Consumer,Male,19,West,Furniture,Product B,2,4329,0.19,Card,7012.9800000000005,1286.68798771482
2175,2025-03-20,256,Home Office,Female,25,South,Furniture,Product A,2,2511,0.02,UPI,4921.5599999999995,752.0564863937325
2176,2025-03-21,211,Corporate,Female,24,West,Electronics,Product B,4,1361,0.08,Card,5008.4800000000005,614.3874703728009
2177,2025-03-22,279,Consumer,Female,61,North,Furniture,Product B,5,1015,0.24,Cash,3857.0,756.1226283170237
2178,2025-03-23,415,Corporate,Female,56,North,Electronics,Product C,3,3966,0.05,Net Banking,11303.1,1240.2801512344597
2179,2025-03-24,463,Home Office,Male,59,North,Furniture,Product B,4,3122,0.21,Card,9865.52,1564.4783672270166
2180,2025-03-25,348,Consumer,Female,33,South,Electronics,Product A,5,953,0.23,Card,3669.05,501.4531876720836
2181,2025-03-26,280,Corporate,Male,52,South,Furniture,Product B,1,4861,0.1,UPI,4374.900000000001,460.7839600114467
2182,2025-03-27,414,Home Office,Male,47,East,Clothing,Product B,1,661,0.1,Cash,594.9,145.71360673543407
2183,2025-03-28,397,Corporate,Male,27,West,Clothing,Product B,2,3439,0.17,Net Banking,5708.74,580.866173405887
2184,2025-03-29,399,Home Office,Male,55,South,Electronics,Product C,3,2902,0.26,UPI,6442.44,720.6424010903595
2185,2025-03-30,224,Home Office,Female,35,North,Electronics,Product B,1,280,0.07,UPI,260.4,21.43547709156019
2186,2025-03-31,288,Consumer,Female,22,North,Furniture,Product B,5,3004,0.28,Net Banking,10814.4,2320.728334879773
2187,2025-04-01,467,Home Office,Male,46,South,Furniture,Product C,5,1069,0.18,Cash,4382.900000000001,733.3375367380544
2188,2025-04-02,342,Corporate,Male,56,South,Clothing,Product C,1,4894,0.3,Net Banking,3425.7999999999997,591.3199769646197
2189,2025-04-03,258,Home Office,Male,51,South,Furniture,Product C,5,1006,0.03,UPI,4879.099999999999,1044.6752368617954
2190,2025-04-04,225,Home Office,Male,60,East,Electronics,Product C,5,2134,0.04,UPI,10243.199999999999,1214.678929455516
2191,2025-04-05,246,Consumer,Female,62,North,Electronics,Product A,2,903,0.25,Card,1354.5,120.18029493549992
2192,2025-04-06,487,Home Office,Male,40,East,Electronics,Product A,3,2723,0.26,Net Banking,6045.0599999999995,542.1274659329978
2193,2025-04-07,465,Home Office,Female,22,East,Electronics,Product B,2,2839,0.13,Net Banking,4939.86,970.8008702497114
2194,2025-04-08,215,Corporate,Male,47,West,Electronics,Product A,3,4782,0.21,Net Banking,11333.34,1958.662168935087
2195,2025-04-09,398,Consumer,Male,23,North,Clothing,Product B,5,4109,0.26,UPI,15203.3,1387.5713745494145
2196,2025-04-10,481,Consumer,Male,63,North,Clothing,Product A,3,1364,0.01,Cash,4051.08,320.08830378398545
2197,2025-04-11,285,Consumer,Male,61,South,Electronics,Product C,5,819,0.17,UPI,3398.85,251.98210942995425
2198,2025-04-12,449,Home Office,Female,21,South,Furniture,Product C,5,3266,0.26,Card,12084.2,2121.4988837146097
2199,2025-04-13,469,Consumer,Female,46,West,Electronics,Product A,2,646,0.12,UPI,1136.96,56.87497890356801
2200,2025-04-14,316,Home Office,Female,40,East,Clothing,Product A,2,2537,0.09,UPI,4617.34,247.78432667540935
2201,2025-04-15,206,Home Office,Male,23,South,Electronics,Product B,4,408,0.24,UPI,1240.32,158.6501090359517
2202,2025-04-16,336,Corporate,Male,49,South,Clothing,Product B,1,2660,0.1,Card,2394.0,450.71831501542664
2203,2025-04-17,375,Corporate,Female,59,North,Clothing,Product B,4,3642,0.0,Net Banking,14568.0,2753.4667273628356
2204,2025-04-18,414,Corporate,Female,35,North,Electronics,Product C,4,2911,0.29,Cash,8267.24,1124.540199260089
2205,2025-04-19,281,Corporate,Male,32,South,Electronics,Product C,3,2537,0.18,Cash,6241.02,1174.6518400582504
2206,2025-04-20,422,Corporate,Male,57,North,Furniture,Product C,5,1491,0.25,Card,5591.25,862.2783028154753
2207,2025-04-21,302,Home Office,Female,49,West,Clothing,Product C,5,2398,0.25,Net Banking,8992.5,2206.6361531099715
2208,2025-04-22,472,Home Office,Male,26,South,Furniture,Product B,5,1600,0.02,Net Banking,7840.0,646.7376152961542
2209,2025-04-23,213,Consumer,Male,54,North,Electronics,Product C,1,2855,0.05,Card,2712.25,461.4444593669058
2210,2025-04-24,358,Home Office,Female,27,West,Clothing,Product C,3,4212,0.09,UPI,11498.76,1704.6653574708726
2211,2025-04-25,351,Home Office,Male,37,North,Furniture,Product C,3,904,0.1,Net Banking,2440.8,216.97069080810013
2212,2025-04-26,307,Corporate,Female,23,North,Furniture,Product C,5,1025,0.2,Cash,4100.0,819.9921543561969
2213,2025-04-27,387,Home Office,Male,20,North,Furniture,Product A,4,1204,0.19,Card,3900.96,409.99715308678327
2214,2025-04-28,297,Corporate,Female,59,South,Electronics,Product B,1,3660,0.15,Cash,3111.0,393.0498494400016
2215,2025-04-29,330,Consumer,Male,28,East,Electronics,Product B,4,576,0.06,UPI,2165.7599999999998,270.64661087797776
2216,2025-04-30,492,Consumer,Female,60,North,Electronics,Product C,2,1172,0.11,Card,2086.16,206.19792075715426
2217,2025-05-01,370,Home Office,Female,34,West,Clothing,Product A,3,4413,0.16,Cash,11120.76,1513.9921249076713
2218,2025-05-02,382,Consumer,Female,49,South,Electronics,Product B,3,3276,0.14,Cash,8452.08,1222.7554506541408
2219,2025-05-03,238,Home Office,Female,21,South,Clothing,Product B,4,643,0.04,UPI,2469.12,490.9705233533835
2220,2025-05-04,214,Consumer,Male,21,West,Furniture,Product C,1,954,0.19,Card,772.74,156.87681803282234
2221,2025-05-05,203,Corporate,Male,34,North,Furniture,Product C,3,3804,0.02,Net Banking,11183.76,913.8383791883118
2222,2025-05-06,409,Corporate,Female,58,East,Electronics,Product B,4,4935,0.11,Net Banking,17568.6,2961.265883593136
2223,2025-05-07,360,Corporate,Male,36,North,Furniture,Product B,1,2371,0.21,Cash,1873.0900000000001,429.38632679583066
2224,2025-05-08,215,Corporate,Male,22,West,Electronics,Product A,4,2905,0.01,UPI,11503.8,825.4818782572422
2225,2025-05-09,307,Home Office,Male,49,South,Clothing,Product B,1,3665,0.17,Cash,3041.95,439.8136755541246
2226,2025-05-10,426,Consumer,Male,39,East,Furniture,Product B,5,2911,0.1,UPI,13099.5,2620.8251453976172
2227,2025-05-11,369,Home Office,Male,23,South,Electronics,Product C,1,2607,0.0,Net Banking,2607.0,449.1815817469538
2228,2025-05-12,233,Corporate,Female,52,West,Furniture,Product B,2,822,0.06,Cash,1545.36,108.35621005563175
2229,2025-05-13,450,Home Office,Female,39,North,Furniture,Product C,5,1923,0.28,Cash,6922.8,895.2649769159425
2230,2025-05-14,446,Consumer,Female,18,East,Electronics,Product B,4,3522,0.16,UPI,11833.92,1792.2223285477023
2231,2025-05-15,468,Home Office,Female,37,South,Furniture,Product B,5,2119,0.3,Card,7416.499999999999,1847.9627810257475
2232,2025-05-16,340,Consumer,Male,39,South,Furniture,Product B,5,1118,0.16,UPI,4695.599999999999,402.51425980402877
2233,2025-05-17,473,Home Office,Male,28,South,Furniture,Product A,4,4415,0.16,Card,14834.4,3656.453426311995
2234,2025-05-18,295,Consumer,Female,30,North,Furniture,Product C,4,781,0.12,Net Banking,2749.12,344.27217896416977
2235,2025-05-19,426,Consumer,Male,59,East,Clothing,Product A,2,4081,0.09,Cash,7427.42,668.9438769348844
2236,2025-05-20,238,Corporate,Male,20,North,Furniture,Product B,4,1886,0.08,Cash,6940.4800000000005,921.8471604599905
2237,2025-05-21,228,Consumer,Female,26,North,Furniture,Product A,3,4109,0.1,UPI,11094.300000000001,1917.0842209158945
2238,2025-05-22,444,Corporate,Male,29,North,Electronics,Product C,3,2199,0.14,UPI,5673.42,525.9230769125045
2239,2025-05-23,435,Corporate,Female,40,West,Clothing,Product B,2,2911,0.06,Net Banking,5472.679999999999,592.6245684811777
2240,2025-05-24,384,Corporate,Female,31,West,Electronics,Product A,1,600,0.07,Net Banking,558.0,123.26738959365835
2241,2025-05-25,471,Home Office,Male,50,West,Electronics,Product A,1,3848,0.08,Card,3540.1600000000003,884.338667164332
2242,2025-05-26,435,Home Office,Male,35,East,Electronics,Product C,3,2828,0.13,Net Banking,7381.08,838.745617953041
2243,2025-05-27,438,Home Office,Female,58,North,Clothing,Product A,4,1856,0.2,Net Banking,5939.200000000001,473.77806600389715
2244,2025-05-28,465,Home Office,Female,26,North,Electronics,Product C,2,820,0.26,Net Banking,1213.6,253.1984214289538
2245,2025-05-29,264,Consumer,Male,40,West,Electronics,Product B,1,446,0.09,Net Banking,405.86,69.03318904749808
2246,2025-05-30,376,Consumer,Female,27,North,Electronics,Product B,1,3539,0.06,Card,3326.66,233.13309352437545
2247,2025-05-31,202,Home Office,Female,36,North,Furniture,Product A,5,3210,0.11,Net Banking,14284.5,3419.056445314569
2248,2025-06-01,341,Consumer,Female,64,South,Electronics,Product B,3,4919,0.27,Card,10772.61,706.7899260271922
2249,2025-06-02,357,Consumer,Male,22,North,Clothing,Product B,4,2568,0.0,UPI,10272.0,1798.3321915161525
2250,2025-06-03,345,Corporate,Female,64,South,Clothing,Product A,2,4194,0.2,Cash,6710.400000000001,904.4777123896579
2251,2025-06-04,492,Corporate,Male,40,North,Furniture,Product B,1,2039,0.14,UPI,1753.54,282.88946111809145
2252,2025-06-05,352,Corporate,Female,47,East,Clothing,Product A,5,3103,0.05,Net Banking,14739.25,1365.4859666767568
2253,2025-06-06,392,Corporate,Male,42,West,Clothing,Product C,3,4595,0.1,Cash,12406.5,2327.733333660642
2254,2025-06-07,272,Consumer,Female,45,South,Furniture,Product C,3,4698,0.07,Net Banking,13107.419999999998,3171.2608095480236
2255,2025-06-08,339,Home Office,Male,51,West,Electronics,Product C,2,3891,0.26,Net Banking,5758.68,815.919582468995
2256,2025-06-09,386,Consumer,Male,62,South,Furniture,Product A,1,4041,0.14,UPI,3475.2599999999998,537.2461967403515
2257,2025-06-10,492,Consumer,Male,64,South,Electronics,Product A,2,4548,0.17,Net Banking,7549.679999999999,739.5842746120943
2258,2025-06-11,260,Consumer,Female,42,South,Electronics,Product B,2,1592,0.18,UPI,2610.88,596.2560562832045
2259,2025-06-12,397,Corporate,Female,27,East,Clothing,Product B,5,3950,0.19,Net Banking,15997.500000000002,3907.1475092452974
2260,2025-06-13,494,Corporate,Female,31,North,Furniture,Product B,3,4455,0.15,Card,11360.25,2354.5183377597696
2261,2025-06-14,210,Corporate,Male,59,South,Clothing,Product B,4,3208,0.01,Cash,12703.68,2014.2281767834918
2262,2025-06-15,261,Home Office,Female,63,East,Clothing,Product B,3,4500,0.1,UPI,12150.0,2932.5162835559727
2263,2025-06-16,425,Consumer,Male,47,South,Electronics,Product A,3,3538,0.06,UPI,9977.16,805.8553236816359
2264,2025-06-17,352,Home Office,Female,58,North,Clothing,Product A,5,3714,0.2,Cash,14856.0,2164.492042920673
2265,2025-06-18,398,Corporate,Male,42,South,Furniture,Product C,4,959,0.02,UPI,3759.2799999999997,592.166076236494
2266,2025-06-19,251,Home Office,Male,31,East,Clothing,Product C,1,2968,0.17,Cash,2463.44,365.533317014959
2267,2025-06-20,459,Consumer,Male,52,North,Clothing,Product C,4,3288,0.06,Card,12362.88,2602.1841988391693
2268,2025-06-21,258,Consumer,Female,51,East,Electronics,Product C,1,2315,0.28,Net Banking,1666.8,306.82550774921515
2269,2025-06-22,271,Corporate,Female,27,North,Furniture,Product A,4,4428,0.1,Card,15940.800000000001,1200.8474547019655
2270,2025-06-23,347,Corporate,Female,52,North,Clothing,Product A,2,1923,0.1,Net Banking,3461.4,412.9113110474539
2271,2025-06-24,262,Home Office,Male,28,West,Electronics,Product A,4,3166,0.28,Cash,9118.08,1074.2499659479001
2272,2025-06-25,442,Corporate,Male,28,West,Clothing,Product B,5,629,0.13,Card,2736.15,446.3384048620743
2273,2025-06-26,306,Corporate,Female,38,West,Furniture,Product B,1,2555,0.29,Net Banking,1814.05,196.44652851046158
2274,2025-06-27,425,Consumer,Female,38,North,Clothing,Product C,3,2659,0.01,Cash,7897.23,580.0859273348459
2275,2025-06-28,417,Corporate,Female,39,South,Clothing,Product B,5,4392,0.09,Net Banking,19983.600000000002,3611.7665834851864
2276,2025-06-29,440,Corporate,Male,62,East,Electronics,Product A,1,1918,0.2,UPI,1534.4,337.88621569762773
2277,2025-06-30,458,Consumer,Male,24,East,Clothing,Product C,1,1465,0.27,UPI,1069.45,252.73415553920648
2278,2025-07-01,461,Consumer,Male,34,East,Electronics,Product C,3,1508,0.08,Cash,4162.08,1017.6938361144303
2279,2025-07-02,204,Home Office,Male,19,West,Furniture,Product B,2,1250,0.28,Net Banking,1800.0,371.202064635245
2280,2025-07-03,460,Corporate,Male,29,North,Clothing,Product C,5,3673,0.18,UPI,15059.300000000001,1173.7291556752486
2281,2025-07-04,253,Consumer,Female,59,West,Furniture,Product B,3,2449,0.24,Card,5583.72,1231.893511045417
2282,2025-07-05,246,Home Office,Male,35,South,Furniture,Product B,3,3009,0.12,Net Banking,7943.76,1032.6253665065524
2283,2025-07-06,414,Home Office,Male,28,North,Clothing,Product C,2,3121,0.06,Net Banking,5867.48,1149.9220070900835
2284,2025-07-07,376,Corporate,Male,33,East,Electronics,Product B,5,4876,0.27,UPI,17797.399999999998,2780.9078382979956
2285,2025-07-08,208,Corporate,Male,35,West,Furniture,Product B,3,4241,0.28,UPI,9160.56,1976.1272407315403
2286,2025-07-09,298,Home Office,Male,52,West,Furniture,Product B,2,2617,0.15,Cash,4448.9,601.0514909660981
2287,2025-07-10,219,Consumer,Female,43,South,Clothing,Product B,5,732,0.0,Net Banking,3660.0,228.2330694616952
2288,2025-07-11,440,Home Office,Male,33,South,Clothing,Product C,4,1098,0.03,Card,4260.24,687.4525292099875
2289,2025-07-12,260,Corporate,Male,23,West,Clothing,Product A,1,2854,0.17,UPI,2368.8199999999997,199.59229834157549
2290,2025-07-13,377,Consumer,Male,61,South,Clothing,Product A,2,1669,0.01,Net Banking,3304.62,803.3647756452231
2291,2025-07-14,261,Consumer,Female,60,East,Clothing,Product B,1,3120,0.12,UPI,2745.6,426.645958706094
2292,2025-07-15,344,Home Office,Female,64,South,Clothing,Product B,4,1452,0.09,Cash,5285.28,849.4066443784391
2293,2025-07-16,415,Corporate,Female,64,South,Electronics,Product B,3,969,0.21,Net Banking,2296.53,531.5390854901227
2294,2025-07-17,202,Home Office,Male,59,West,Furniture,Product A,3,1033,0.02,Net Banking,3037.02,531.2265762458043
2295,2025-07-18,359,Home Office,Female,29,West,Electronics,Product B,5,2409,0.15,Cash,10238.25,1131.7963092025038
2296,2025-07-19,426,Home Office,Male,30,North,Electronics,Product C,2,4849,0.17,Card,8049.339999999999,879.140248741095
2297,2025-07-20,468,Consumer,Male,21,North,Clothing,Product C,2,3624,0.19,UPI,5870.88,882.485612832563
2298,2025-07-21,319,Consumer,Female,56,West,Furniture,Product C,5,1291,0.12,Cash,5680.4,1268.556276721839
2299,2025-07-22,288,Corporate,Male,19,South,Electronics,Product A,1,1396,0.09,Net Banking,1270.3600000000001,265.43647305954784
2300,2025-07-23,267,Corporate,Male,43,South,Clothing,Product B,3,4114,0.2,Cash,9873.6,2394.823090098173
2301,2025-07-24,297,Home Office,Male,44,North,Clothing,Product B,3,1860,0.25,Net Banking,4185.0,269.41868482729444
2302,2025-07-25,466,Home Office,Female,44,North,Furniture,Product B,2,4854,0.21,Cash,7669.320000000001,795.0416974459165
2303,2025-07-26,304,Home Office,Male,32,North,Electronics,Product A,2,460,0.28,Card,662.4,43.74591713116242
2304,2025-07-27,322,Corporate,Male,25,East,Electronics,Product A,5,2464,0.22,Net Banking,9609.6,1923.9941243449705
2305,2025-07-28,228,Consumer,Female,24,East,Electronics,Product A,4,1385,0.23,Cash,4265.8,333.44367023554133
2306,2025-07-29,336,Consumer,Male,64,North,Clothing,Product A,1,2649,0.05,Card,2516.5499999999997,176.10128271137543
2307,2025-07-30,394,Home Office,Male,63,South,Furniture,Product C,4,3733,0.13,Card,12990.84,2108.8607549754433
2308,2025-07-31,425,Home Office,Female,57,North,Furniture,Product A,4,4570,0.15,UPI,15538.0,2055.629891381497
2309,2025-08-01,369,Home Office,Male,29,East,Electronics,Product A,2,4501,0.08,Net Banking,8281.84,1598.5629742833103
2310,2025-08-02,208,Home Office,Male,30,South,Clothing,Product A,2,3544,0.16,UPI,5953.92,877.626136190418
2311,2025-08-03,239,Corporate,Male,60,East,Electronics,Product B,2,1066,0.09,Card,1940.1200000000001,262.0460312551983
2312,2025-08-04,224,Consumer,Male,34,South,Furniture,Product B,4,292,0.21,UPI,922.72,124.65955481356102
2313,2025-08-05,460,Home Office,Male,34,East,Clothing,Product B,1,3378,0.14,UPI,2905.08,651.8281270338209
2314,2025-08-06,425,Corporate,Female,53,South,Electronics,Product C,2,1551,0.14,Cash,2667.72,344.25627458906763
2315,2025-08-07,323,Home Office,Female,38,South,Electronics,Product C,3,564,0.3,UPI,1184.3999999999999,138.19511162607077
2316,2025-08-08,237,Home Office,Female,25,South,Clothing,Product A,1,3918,0.12,Card,3447.84,405.83495599240945
2317,2025-08-09,450,Consumer,Female,22,South,Furniture,Product B,3,2124,0.11,UPI,5671.08,506.54176936019763
2318,2025-08-10,375,Home Office,Male,43,West,Clothing,Product C,1,3295,0.1,Net Banking,2965.5,658.7495572754332
2319,2025-08-11,289,Consumer,Male,33,East,Electronics,Product B,2,2738,0.27,Cash,3997.48,317.10475009129135
2320,2025-08-12,236,Consumer,Male,53,East,Electronics,Product C,5,1496,0.15,Card,6358.0,1473.2894141859783
2321,2025-08-13,375,Consumer,Male,45,West,Electronics,Product C,2,2476,0.18,UPI,4060.6400000000003,433.2440740601417
2322,2025-08-14,483,Corporate,Male,46,South,Electronics,Product A,4,202,0.05,Net Banking,767.5999999999999,176.46000574012893
2323,2025-08-15,280,Corporate,Female,64,South,Furniture,Product A,4,3692,0.16,Card,12405.119999999999,2582.3010292527297
2324,2025-08-16,313,Consumer,Female,29,East,Furniture,Product C,1,1953,0.08,UPI,1796.76,298.9763796285533
2325,2025-08-17,239,Home Office,Male,54,West,Electronics,Product A,4,1110,0.22,Cash,3463.2000000000003,636.8617035141785
2326,2025-08-18,423,Consumer,Male,47,South,Furniture,Product C,2,506,0.25,UPI,759.0,87.41313298722403
2327,2025-08-19,314,Home Office,Male,40,South,Furniture,Product C,3,4431,0.21,Card,10501.470000000001,1731.1224133007036
2328,2025-08-20,385,Consumer,Female,33,South,Furniture,Product B,2,4215,0.22,Card,6575.400000000001,713.3032066876649
2329,2025-08-21,255,Home Office,Male,31,North,Electronics,Product A,1,1638,0.15,Card,1392.3,181.63188775593795
2330,2025-08-22,239,Corporate,Male,27,West,Clothing,Product A,4,1072,0.21,Net Banking,3387.52,687.4379398180344
2331,2025-08-23,239,Home Office,Male,24,South,Clothing,Product A,3,1341,0.13,UPI,3500.0099999999998,345.753782532279
2332,2025-08-24,436,Consumer,Female,62,North,Clothing,Product B,5,865,0.2,UPI,3460.0,753.481442959576
2333,2025-08-25,488,Corporate,Male,54,West,Electronics,Product B,3,408,0.08,UPI,1126.0800000000002,140.9588327710159
2334,2025-08-26,461,Home Office,Female,46,South,Furniture,Product B,3,1151,0.02,Cash,3383.94,529.3632434679331
2335,2025-08-27,415,Home Office,Female,20,East,Furniture,Product A,2,1257,0.12,Net Banking,2212.32,527.3996051690192
2336,2025-08-28,346,Home Office,Female,32,North,Electronics,Product A,5,4944,0.14,Net Banking,21259.2,3959.549938653762
2337,2025-08-29,367,Home Office,Female,53,North,Electronics,Product A,1,4922,0.08,Cash,4528.24,811.1020735895111
2338,2025-08-30,291,Home Office,Female,64,South,Clothing,Product B,1,4820,0.22,Net Banking,3759.6,723.0520825407735
2339,2025-08-31,258,Corporate,Female,63,South,Clothing,Product B,3,4208,0.02,Cash,12371.52,2890.2625579406126
2340,2025-09-01,258,Corporate,Male,36,North,Electronics,Product C,3,2068,0.07,Card,5769.719999999999,575.256903673907
2341,2025-09-02,368,Corporate,Male,30,East,Clothing,Product B,4,971,0.22,Card,3029.52,523.0412995586423
2342,2025-09-03,468,Corporate,Male,59,East,Furniture,Product C,5,4230,0.13,Net Banking,18400.5,2393.5144235172793
2343,2025-09-04,244,Consumer,Female,38,West,Electronics,Product A,3,721,0.21,Card,1708.77,89.49009387577371
2344,2025-09-05,380,Corporate,Male,54,South,Electronics,Product B,4,3555,0.17,Card,11802.599999999999,885.9052719845488
2345,2025-09-06,369,Home Office,Female,44,East,Furniture,Product A,5,1600,0.29,Card,5680.0,653.1907930194365
2346,2025-09-07,390,Home Office,Female,46,West,Furniture,Product A,1,3938,0.18,UPI,3229.1600000000003,526.353061388359
2347,2025-09-08,354,Corporate,Female,37,East,Furniture,Product A,4,4543,0.0,Card,18172.0,4112.23192842493
2348,2025-09-09,387,Home Office,Male,42,South,Clothing,Product A,5,3923,0.11,UPI,17457.35,3635.0187102767804
2349,2025-09-10,206,Corporate,Female,23,West,Electronics,Product B,4,3447,0.04,Cash,13236.48,2126.6620176701103
2350,2025-09-11,332,Home Office,Female,53,West,Clothing,Product A,3,2058,0.28,Cash,4445.28,287.93893826314155
2351,2025-09-12,434,Consumer,Male,19,West,Furniture,Product C,2,4981,0.03,Cash,9663.14,1035.7075021934668
2352,2025-09-13,244,Consumer,Male,39,East,Clothing,Product B,1,4264,0.12,Cash,3752.32,462.81763873180495
2353,2025-09-14,448,Corporate,Female,49,South,Furniture,Product A,3,4881,0.07,Cash,13617.99,2374.2071821868153
2354,2025-09-15,230,Corporate,Female,33,West,Clothing,Product B,3,2598,0.25,Card,5845.5,368.17720762573225
2355,2025-09-16,222,Corporate,Male,35,North,Clothing,Product C,5,342,0.09,Card,1556.1000000000001,242.81183803163736
2356,2025-09-17,359,Home Office,Male,22,South,Furniture,Product A,4,3051,0.3,Card,8542.8,1967.346316217801
2357,2025-09-18,357,Corporate,Male,53,North,Clothing,Product C,1,3669,0.01,Cash,3632.31,694.0855469817268
2358,2025-09-19,238,Consumer,Female,47,North,Electronics,Product A,3,3895,0.04,Cash,11217.6,2349.1377570596756
2359,2025-09-20,281,Home Office,Male,62,West,Clothing,Product C,5,917,0.07,UPI,4264.049999999999,794.5423096771013
2360,2025-09-21,457,Corporate,Male,36,West,Clothing,Product A,1,842,0.24,Net Banking,639.92,58.436100932297045
2361,2025-09-22,405,Home Office,Male,40,East,Electronics,Product B,4,3640,0.26,Card,10774.4,776.7993741838624
2362,2025-09-23,276,Home Office,Female,51,East,Furniture,Product A,3,2748,0.02,Net Banking,8079.12,1744.266937217484
2363,2025-09-24,211,Corporate,Male,30,East,Electronics,Product B,3,3893,0.01,Cash,11562.21,2186.4241690286203
2364,2025-09-25,494,Home Office,Male,60,South,Clothing,Product A,3,569,0.22,Cash,1331.46,219.70729262032833
2365,2025-09-26,423,Consumer,Male,46,East,Furniture,Product A,1,3850,0.04,Cash,3696.0,324.71789378452746
2366,2025-09-27,212,Consumer,Male,53,North,Clothing,Product C,1,986,0.04,Net Banking,946.56,161.54844207309864
2367,2025-09-28,245,Home Office,Male,39,East,Clothing,Product C,1,1149,0.01,UPI,1137.51,64.0012687816118
2368,2025-09-29,354,Corporate,Female,64,West,Electronics,Product C,1,721,0.01,Cash,713.79,52.65473714781287
2369,2025-09-30,312,Home Office,Female,53,East,Electronics,Product A,5,3143,0.08,UPI,14457.800000000001,1624.739081568482
2370,2025-10-01,432,Consumer,Female,26,South,Furniture,Product A,2,554,0.02,UPI,1085.84,150.65775422882774
2371,2025-10-02,216,Home Office,Male,56,South,Furniture,Product A,5,2535,0.11,Card,11280.75,836.0490872488061
2372,2025-10-03,422,Home Office,Female,36,North,Furniture,Product B,3,1682,0.25,Net Banking,3784.5,280.00772516176886
2373,2025-10-04,387,Consumer,Female,55,South,Clothing,Product B,5,1847,0.1,Cash,8311.5,1622.2280319881772
2374,2025-10-05,362,Home Office,Female,23,East,Electronics,Product A,4,3245,0.22,UPI,10124.4,1659.8334319015244
2375,2025-10-06,273,Home Office,Male,64,West,Electronics,Product C,1,4831,0.03,Net Banking,4686.07,734.5339567725584
2376,2025-10-07,432,Corporate,Male,32,South,Electronics,Product C,4,2415,0.2,Net Banking,7728.0,1085.6827556536853
2377,2025-10-08,423,Corporate,Female,37,North,Furniture,Product C,4,4916,0.1,Cash,17697.600000000002,4341.373855768711
2378,2025-10-09,259,Consumer,Female,26,East,Electronics,Product A,3,627,0.22,Card,1467.18,87.97219581139434
2379,2025-10-10,421,Consumer,Male,49,North,Electronics,Product C,1,2737,0.04,Card,2627.52,226.29630358161359
2380,2025-10-11,236,Consumer,Male,21,South,Electronics,Product A,4,744,0.27,UPI,2172.48,389.9635305598081
2381,2025-10-12,477,Corporate,Female,35,South,Furniture,Product B,3,2964,0.07,Card,8269.56,639.0147912924143
2382,2025-10-13,395,Consumer,Male,22,North,Electronics,Product C,1,3965,0.11,Card,3528.85,592.4098846187346
2383,2025-10-14,441,Consumer,Female,37,East,Furniture,Product B,2,858,0.29,Card,1218.36,199.26551333542574
2384,2025-10-15,418,Consumer,Male,40,South,Electronics,Product C,3,3027,0.17,Net Banking,7537.23,1840.5993800568438
2385,2025-10-16,391,Corporate,Female,28,West,Electronics,Product A,5,2258,0.11,Cash,10048.1,2277.6761521034564
2386,2025-10-17,216,Home Office,Female,54,South,Electronics,Product A,1,3527,0.28,Net Banking,2539.44,607.207196659364
2387,2025-10-18,211,Consumer,Male,39,East,Furniture,Product A,4,930,0.1,Net Banking,3348.0,243.46814659977676
2388,2025-10-19,392,Home Office,Female,21,South,Furniture,Product A,4,2032,0.03,Cash,7884.16,1763.132236612397
2389,2025-10-20,221,Consumer,Female,46,North,Electronics,Product C,5,608,0.3,Net Banking,2128.0,161.34098563156704
2390,2025-10-21,319,Home Office,Female,61,South,Clothing,Product B,5,4379,0.08,UPI,20143.4,3557.0512090565976
2391,2025-10-22,409,Corporate,Male,51,South,Furniture,Product A,4,3447,0.26,UPI,10203.119999999999,1979.5647765553877
2392,2025-10-23,469,Corporate,Male,30,East,Furniture,Product C,1,333,0.05,Net Banking,316.34999999999997,25.994700827905316
2393,2025-10-24,391,Consumer,Male,59,North,Electronics,Product B,3,866,0.22,Card,2026.44,357.7312531517313
2394,2025-10-25,374,Home Office,Female,26,East,Clothing,Product A,5,476,0.16,Net Banking,1999.1999999999998,120.9358034859317
2395,2025-10-26,484,Corporate,Male,59,South,Electronics,Product B,5,3507,0.29,Card,12449.849999999999,1352.7162555170748
2396,2025-10-27,403,Consumer,Female,48,West,Furniture,Product A,5,1081,0.17,Net Banking,4486.15,1050.7985355125074
2397,2025-10-28,363,Consumer,Female,24,South,Furniture,Product B,2,2260,0.01,UPI,4474.8,377.4325215506569
2398,2025-10-29,450,Corporate,Male,21,East,Electronics,Product B,1,2282,0.18,Card,1871.2400000000002,117.98916413455018
2399,2025-10-30,426,Corporate,Male,36,West,Electronics,Product A,1,1437,0.04,UPI,1379.52,191.38858999773987
2400,2025-10-31,206,Consumer,Female,59,East,Clothing,Product C,1,2652,0.24,Net Banking,2015.52,443.66360233017735
2401,2025-11-01,228,Home Office,Female,47,East,Clothing,Product B,1,358,0.26,Cash,264.92,17.30840948620788
2402,2025-11-02,232,Home Office,Male,48,North,Furniture,Product A,1,2796,0.14,Card,2404.56,291.20922356368624
2403,2025-11-03,333,Home Office,Male,52,West,Clothing,Product B,4,4015,0.23,Card,12366.2,2843.669111825508
2404,2025-11-04,278,Consumer,Male,38,South,Clothing,Product B,5,4574,0.04,Net Banking,21955.2,1616.585746028097
2405,2025-11-05,257,Corporate,Female,48,East,Furniture,Product C,4,2726,0.15,Net Banking,9268.4,1039.2999960388572
2406,2025-11-06,225,Consumer,Female,36,South,Furniture,Product B,2,310,0.12,Card,545.6,112.22125713077601
2407,2025-11-07,425,Corporate,Female,48,North,Furniture,Product B,3,741,0.18,Cash,1822.8600000000001,289.1825160031682
2408,2025-11-08,484,Home Office,Female,49,North,Furniture,Product A,5,1338,0.01,Net Banking,6623.1,1433.680124746057
2409,2025-11-09,203,Home Office,Female,19,West,Electronics,Product A,2,3483,0.23,Net Banking,5363.82,387.90652022860115
2410,2025-11-10,298,Corporate,Male,27,North,Furniture,Product C,4,3810,0.02,Net Banking,14935.199999999999,3496.4921320780863
2411,2025-11-11,238,Corporate,Male,19,North,Furniture,Product B,3,4655,0.2,Cash,11172.0,2647.5669136647825
2412,2025-11-12,470,Consumer,Female,19,South,Furniture,Product B,2,3757,0.01,Card,7438.86,603.0133626097056
2413,2025-11-13,484,Home Office,Female,41,North,Clothing,Product B,3,2619,0.25,UPI,5892.75,334.5614285765753
2414,2025-11-14,356,Consumer,Male,34,North,Furniture,Product C,2,1956,0.05,Net Banking,3716.3999999999996,921.5493023799352
2415,2025-11-15,274,Consumer,Male,49,East,Electronics,Product B,4,3286,0.15,Cash,11172.4,1636.2015379679215
2416,2025-11-16,487,Consumer,Male,33,North,Electronics,Product A,3,2506,0.08,Card,6916.56,1137.1867713070608
2417,2025-11-17,329,Home Office,Male,33,East,Furniture,Product C,2,1175,0.22,Card,1833.0,317.4406753621668
2418,2025-11-18,374,Consumer,Female,63,North,Electronics,Product A,4,922,0.1,Cash,3319.2000000000003,690.173512332209
2419,2025-11-19,283,Consumer,Male,56,North,Clothing,Product A,5,2770,0.22,Net Banking,10803.0,2294.5312059206103
2420,2025-11-20,221,Consumer,Female,48,West,Furniture,Product C,4,524,0.09,UPI,1907.3600000000001,169.3450431717128
2421,2025-11-21,226,Consumer,Male,60,West,Electronics,Product A,4,1729,0.23,Net Banking,5325.32,518.2992735261064
2422,2025-11-22,394,Consumer,Male,41,East,Electronics,Product B,5,2145,0.01,Card,10617.75,2392.8862786190684
2423,2025-11-23,435,Consumer,Male,18,North,Furniture,Product C,4,4686,0.08,UPI,17244.48,3688.6549889538783
2424,2025-11-24,291,Home Office,Female,28,South,Electronics,Product A,5,2630,0.15,Net Banking,11177.5,1939.5631274638672
2425,2025-11-25,220,Consumer,Female,38,West,Furniture,Product B,5,4311,0.01,UPI,21339.45,5312.239094237356
2426,2025-11-26,283,Corporate,Male,21,South,Electronics,Product B,5,3710,0.06,Cash,17437.0,3435.7304847408864
2427,2025-11-27,461,Consumer,Female,24,West,Clothing,Product A,2,1045,0.28,Net Banking,1504.8,140.1982337364797
2428,2025-11-28,346,Consumer,Female,43,West,Electronics,Product B,3,767,0.29,Card,1633.7099999999998,358.3196748681879
2429,2025-11-29,456,Home Office,Male,64,North,Electronics,Product C,2,3888,0.22,Card,6065.280000000001,806.3579129446166
2430,2025-11-30,257,Home Office,Male,29,West,Furniture,Product A,5,2379,0.08,UPI,10943.4,626.2966050735089
2431,2025-12-01,214,Corporate,Female,48,South,Electronics,Product B,3,2219,0.08,Cash,6124.4400000000005,699.9270661361817
2432,2025-12-02,361,Corporate,Female,34,West,Furniture,Product B,3,3519,0.19,Net Banking,8551.17,1733.4097812303187
2433,2025-12-03,362,Home Office,Female,50,East,Clothing,Product A,5,2520,0.04,Cash,12096.0,2927.7308564255163
2434,2025-12-04,480,Home Office,Male,28,North,Furniture,Product A,3,1846,0.28,Cash,3987.3599999999997,419.5790601821406
2435,2025-12-05,479,Consumer,Male,45,North,Furniture,Product A,3,4203,0.07,UPI,11726.369999999999,1164.4668262136702
2436,2025-12-06,211,Home Office,Female,49,East,Electronics,Product A,2,4109,0.3,UPI,5752.599999999999,936.0821540625562
2437,2025-12-07,473,Corporate,Male,18,East,Clothing,Product C,3,3620,0.15,Net Banking,9231.0,1960.0808155568095
2438,2025-12-08,470,Consumer,Male,64,East,Furniture,Product A,5,2731,0.23,Card,10514.35,2095.56396124579
2439,2025-12-09,407,Corporate,Female,45,West,Electronics,Product C,1,556,0.0,Net Banking,556.0,90.0674299649852
2440,2025-12-10,226,Consumer,Female,59,North,Electronics,Product C,1,3281,0.27,Cash,2395.13,422.2085736250573
2441,2025-12-11,271,Home Office,Male,24,East,Furniture,Product A,1,2480,0.08,UPI,2281.6,224.5545962071573
2442,2025-12-12,259,Corporate,Male,19,West,Electronics,Product C,5,4331,0.2,Cash,17324.0,2364.983313383609
2443,2025-12-13,344,Consumer,Female,59,East,Furniture,Product A,1,2660,0.24,UPI,2021.6000000000001,204.32943011468768
2444,2025-12-14,292,Consumer,Male,41,South,Furniture,Product A,2,2987,0.05,Card,5675.3,1287.6324665271547
2445,2025-12-15,207,Home Office,Male,21,South,Furniture,Product B,5,4409,0.13,Cash,19179.15,1390.6974559878665
2446,2025-12-16,278,Home Office,Female,61,North,Clothing,Product A,5,1397,0.15,UPI,5937.25,1104.0204254265475
2447,2025-12-17,226,Home Office,Female,36,West,Furniture,Product B,5,1478,0.09,Net Banking,6724.900000000001,686.3206945230133
2448,2025-12-18,373,Corporate,Male,43,South,Electronics,Product C,3,665,0.14,Net Banking,1715.7,248.97463237079458
2449,2025-12-19,249,Consumer,Male,28,South,Clothing,Product B,3,4200,0.1,Net Banking,11340.0,1246.0681855993632
2450,2025-12-20,398,Home Office,Male,57,West,Electronics,Product C,3,3548,0.11,Cash,9473.16,1086.088921551021
2451,2025-12-21,380,Corporate,Female,60,East,Clothing,Product A,4,1687,0.2,UPI,5398.400000000001,551.0611289355483
2452,2025-12-22,223,Corporate,Male,28,West,Clothing,Product C,2,4797,0.19,UPI,7771.14,1558.5688363237443
2453,2025-12-23,245,Corporate,Male,62,East,Clothing,Product C,5,4736,0.07,UPI,22022.399999999998,2711.9081786279694
2454,2025-12-24,214,Home Office,Female,20,South,Clothing,Product A,5,525,0.27,Cash,1916.25,374.18882703892217
2455,2025-12-25,352,Home Office,Female,29,South,Electronics,Product C,3,1965,0.26,UPI,4362.3,616.017771218547
2456,2025-12-26,421,Consumer,Male,20,South,Furniture,Product A,5,4362,0.15,Card,18538.5,2955.949150295235
2457,2025-12-27,405,Consumer,Female,59,North,Electronics,Product B,5,503,0.13,Cash,2188.05,347.15053224697925
2458,2025-12-28,472,Home Office,Female,44,North,Furniture,Product A,1,4779,0.11,Card,4253.31,1042.785781518576
2459,2025-12-29,435,Corporate,Male,19,North,Electronics,Product A,5,1640,0.21,Card,6478.0,799.4661176191084
2460,2025-12-30,427,Corporate,Female,33,West,Clothing,Product C,4,348,0.2,Net Banking,1113.6000000000001,101.93540172695295
2461,2025-12-31,208,Corporate,Female,19,South,Clothing,Product B,3,3234,0.06,Cash,9119.88,2119.0806162221133
2462,2026-01-01,365,Consumer,Male,47,South,Furniture,Product A,2,2831,0.2,UPI,4529.6,384.8704089767641
2463,2026-01-02,413,Corporate,Female,37,West,Furniture,Product B,2,295,0.08,Card,542.8000000000001,117.72494414486208
2464,2026-01-03,316,Consumer,Male,55,North,Electronics,Product B,1,3655,0.01,Cash,3618.45,289.63151770045954
2465,2026-01-04,271,Consumer,Male,45,West,Furniture,Product C,2,4577,0.21,UPI,7231.660000000001,1314.317083771793
2466,2026-01-05,263,Corporate,Female,42,North,Electronics,Product A,2,2569,0.19,Net Banking,4161.780000000001,333.39254916561623
2467,2026-01-06,404,Corporate,Female,49,South,Furniture,Product C,3,3667,0.12,Cash,9680.88,2271.3006091517213
2468,2026-01-07,408,Home Office,Female,27,East,Furniture,Product A,3,728,0.16,Cash,1834.56,299.0363190047156
2469,2026-01-08,271,Home Office,Male,59,North,Furniture,Product B,4,2510,0.28,Cash,7228.8,837.4909456751731
2470,2026-01-09,476,Corporate,Female,57,South,Clothing,Product A,1,4875,0.18,UPI,3997.5000000000005,312.0630585833942
2471,2026-01-10,473,Consumer,Male,50,South,Clothing,Product A,2,1863,0.2,Card,2980.8,370.3299635007958
2472,2026-01-11,294,Consumer,Female,30,East,Electronics,Product B,4,3564,0.02,Card,13970.88,2668.494060949597
2473,2026-01-12,365,Consumer,Female,58,South,Furniture,Product B,1,2541,0.05,Cash,2413.95,306.5479372518633
2474,2026-01-13,231,Consumer,Female,59,South,Electronics,Product A,2,892,0.09,Cash,1623.44,161.07581286055753
2475,2026-01-14,210,Consumer,Male,64,North,Furniture,Product C,2,4530,0.16,UPI,7610.4,1259.3833730590534
2476,2026-01-15,416,Home Office,Female,54,North,Clothing,Product A,3,1151,0.23,Net Banking,2658.81,355.1222841083724
2477,2026-01-16,488,Corporate,Female,33,East,Clothing,Product B,5,1560,0.1,Cash,7020.0,583.7919553865305
2478,2026-01-17,301,Home Office,Male,62,East,Furniture,Product C,1,738,0.11,Cash,656.82,53.06947835480784
2479,2026-01-18,466,Consumer,Male,39,South,Furniture,Product B,2,1019,0.08,Net Banking,1874.96,359.0405866372738
2480,2026-01-19,413,Consumer,Female,37,North,Clothing,Product B,1,3362,0.08,Cash,3093.04,757.5918319415204
2481,2026-01-20,378,Consumer,Female,60,East,Clothing,Product C,4,4125,0.28,Card,11880.0,1147.831512368246
2482,2026-01-21,287,Consumer,Female,44,East,Electronics,Product B,4,471,0.19,Cash,1526.0400000000002,312.2731381625774
2483,2026-01-22,240,Corporate,Male,58,West,Clothing,Product B,5,1228,0.05,Card,5833.0,393.85197907871276
2484,2026-01-23,275,Consumer,Male,33,East,Furniture,Product B,2,3865,0.22,UPI,6029.400000000001,761.6047692666449
2485,2026-01-24,245,Corporate,Male,51,South,Electronics,Product B,3,1442,0.22,UPI,3374.28,510.6555400515691
2486,2026-01-25,359,Consumer,Male,49,North,Furniture,Product B,2,1341,0.2,Card,2145.6,222.6046891627454
2487,2026-01-26,279,Corporate,Female,43,East,Electronics,Product B,1,792,0.04,Card,760.3199999999999,118.54581232882298
2488,2026-01-27,285,Home Office,Male,42,West,Furniture,Product B,4,1805,0.12,Net Banking,6353.6,1439.2358055210132
2489,2026-01-28,291,Consumer,Male,19,North,Clothing,Product B,1,4410,0.03,Card,4277.7,1021.8894543131912
2490,2026-01-29,347,Corporate,Male,29,East,Furniture,Product B,5,3577,0.24,Card,13592.6,952.9960916022225
2491,2026-01-30,360,Home Office,Female,57,West,Electronics,Product A,4,4271,0.2,Cash,13667.2,1426.4345497897782
2492,2026-01-31,401,Consumer,Female,26,East,Furniture,Product A,3,4502,0.15,Net Banking,11480.1,2822.1160572990466
2493,2026-02-01,441,Consumer,Male,29,North,Electronics,Product B,4,3894,0.1,Card,14018.4,1459.0866888765627
2494,2026-02-02,201,Consumer,Male,43,North,Furniture,Product A,2,2550,0.06,Card,4794.0,903.8678082763313
2495,2026-02-03,424,Corporate,Female,26,North,Clothing,Product C,2,4407,0.03,Card,8549.58,860.8635264080384
2496,2026-02-04,488,Corporate,Female,27,South,Clothing,Product A,4,1640,0.29,Cash,4657.599999999999,564.8416774904134
2497,2026-02-05,432,Home Office,Female,49,East,Furniture,Product B,5,3826,0.06,Cash,17982.2,1587.033403231918
2498,2026-02-06,276,Corporate,Female,51,South,Furniture,Product B,2,2082,0.02,Cash,4080.72,902.9002652847629
2499,2026-02-07,315,Corporate,Female,37,North,Furniture,Product A,2,3911,0.29,UPI,5553.62,1258.0601655446549
2500,2026-02-08,353,Consumer,Female,56,West,Electronics,Product B,3,384,0.16,Cash,967.68,105.84725913192096
